covid19,2062
coronavirus,951
breaking,82
stayhome,39
china,38
coronaviruspandemic,32
covid,31
cdnpoli,30
lockdown,29
stayhomesavelives,24
socialdistancing,21
staysafe,21
covid19ph,18
stayalert,18
stayathome,17
indiafightscorona,16
sarscov2,16
txlege,16
covid2019,15
auspol,15
onpoli,14
pandemic,13
takeresponsibility,13
wuhan,13
watch,13
blacklivesmatter,12
maga,12
covid19nigeria,11
india,11
covid19india,11
florida,11
ridge,11
coronavirussa,11
marr,11
hydroxychloroquine,11
covidiots,10
ppe,10
familiesfirst,10
trump,9
nhs,9
coronavirusoutbreak,9
coronavirusinsa,9
texas,8
pmqs,8
coronaviruslockdown,8
oann,8
flattenthecurve,8
corona,8
ccpvirus,8
covid19insa,8
wearamask,8
komeshacorona,8
togetherathome,8
italy,7
covid19uk,7
staysafeug,6
gapol,6
sabcnews,6
who,6
youractionssavelives,6
covid19pandemic,6
covid19sa,6
newsnight,6
crushthecurve,6
coronavirusuk,6
coronaupdate,6
gmb,6
arizona,6
inthistogetherohio,6
foxnews,6
,5
coronavirusindia,5
trump2020,5
stayhomestaysafe,5
1,5
wuhanvirus,5
wearethecure,5
heroesact,5
washyourhands,5
trumpvirus,5
wuhancoronavirus,5
thursdaythoughts,5
uk,5
houston,5
masstesting,5
physicaldistancing,5
lockdownsa,5
luzonlockdown,5
lockdownextension,5
new,5
inthistogether,5
trackingandtracing,5
cnnsotu,5
enca,4
covidsafe,4
kayburley,4
lagov,4
strongertogether,4
nationaldoctorsday,4
gpc,4
telanganafightscorona,4
msm,4
lfc,4
americafirst,4
trumpmeltdown,4
healthyathome,4
contest,4
rentrelief,4
bbcbreakfast,4
taiwan,4
stayhomeohio,4
stopthespread,4
thread,4
resist,4
georgefloyd,4
tablighijamat,4
iran,4
contestalert,4
mufc,4
onevoice1,4
covid19ontario,4
lalege,4
joebiden,4
ccp,4
wtpteam,4
hospital,4
maskupaz,4
efl,4
trumppressconference,4
africa,3
healthforall,3
pmcares,3
bbcqt,3
bbcpanorama,3
easter,3
contestindia,3
canada,3
brexit,3
coronil,3
kerala,3
dstv403,3
globalgoalunite,3
maskup,3
allinchallenge,3
liveline,3
tweetorial,3
nyc,3
saferathome,3
covid19lagos,3
delhi,3
gujarat,3
2019ncov,3
huawei,3
covidiot,3
update,3
covididiots,3
ufc249,3
mannkibaat,3
onev1,3
ireland,3
world,3
virus,3
drfauci,3
americastrong,3
trumpliesamericansdie,3
health,3
bebrave,3
bebest,3
paycheckprotectionprogram,3
kag,3
chinaliedpeopledied,3
toronto,3
itvideo,3
coronavirususa,3
icantbreathe,3
maskuppa,3
borisjohnson,3
s,3
superm,3
memorialday,3
matterhorn,3
assamcovidcount,3
covid19canada,3
quarantinelife,3
ohio,3
imfafrica,3
cnntownhall,3
coronavirusupdate,3
bluestarzone,3
afc,3
buildbackbetter,3
tablighijamaat,3
fauci,3
wbz,3
safehands,3
epitwitter,3
brazil,3
lagos,3
mondaythoughts,3
phdchat,3
ppp,3
flatteningthecurve,3
chinesevirus,3
mlb,3
abbottbetrayedtexas,2
california,2
educationministergoeslive,2
islamophobiainindia,2
mondaymotivaton,2
bsl,2
jeremyvine,2
tx,2
africans,2
bhnasional,2
seniors,2
handhygiene,2
r4today,2
opinion,2
tips,2
nasa,2
obamagate,2
savelives,2
wba,2
spreadcalmnotfear,2
coronavirusnewyork,2
buharitormentor,2
nationallottery,2
smallbusiness,2
maskupwa,2
solicitorchat,2
coronavirusaustralia,2
spain,2
navajonation,2
fleabag,2
meded,2
apfightscorona,2
swasari,2
dominiccummings,2
news,2
nodealbrexit,2
7news,2
sdgs,2
instapoll,2
remdesivir,2
alexjones,2
globalgoals,2
patanjali,2
maskuputah,2
nhsheroes,2
cptpp,2
ksatnews,2
jnj,2
antibodytesting,2
diamondplaza,2
demcast,2
prevention,2
economicpackage,2
neverforget,2
trumppandemic,2
testandtrace,2
michigan,2
ottawa,2
cummings,2
reopenamerica,2
newzealand,2
vanre,2
pressplay,2
covid19toronto,2
popefrancis,2
nationaldayofprayer,2
insiders,2
whereistheinterpreter,2
fakenews,2
trumprally,2
vanguardnews,2
academictwitter,2
covid19on,2
wheresmitch,2
chinas,2
dp3t,2
hyderabad,2
trumppressconf,2
mentalhealth,2
uganda,2
โควด19,2
precautions,2
huntingtonbeach,2
nbcnewsthreads,2
ucl,2
pakistan,2
helpsavesmallbusinesses,2
cdc,2
texascovid19,2
delhifightscorona,2
neverforgotten,2
covidconversations,2
masks4canada,2
indiafightscovid19,2
covidlasg,2
iwmd20,2
coronavirusupdates,2
gravitas,2
globalcitizen,2
panorama,2
zermatt,2
endcorruptionnow,2
virtualparliament,2
pestochampion,2
unitedagainstcoronavirus,2
coronavirusliar,2
walkaway,2
earthday,2
covidngr,2
ableg,2
wwe,2
bbcnewsten,2
trumptownhall,2
atulbakery,2
savealife,2
exo,2
caresact,2
mentalhealthawarenessweek,2
alabama,2
newyork,2
ottnews,2
food,2
collinskhosa,2
globalresponse,2
paris,2
covidview,2
rwanda,2
covid19s,2
police,2
karnataka,2
mumbai,2
didyouknow,2
blacklivesmattters,2
smallbiz,2
hongkong,2
bekind,2
gojoe,2
hajj,2
coronaoutbreak,2
selfquarantine,2
abbottresign,2
veday75,2
cluelessbjpgovt,2
quarantine,2
desantisresign,2
airforcesalutes,2
awaninews,2
quedateencasa,2
efc,2
covid19australia,2
analysis,2
nhsthankyou,2
live,2
potus,2
coronavirusvaccine,2
cop26,2
taiwancanhelp,2
peoplesvaccine,2
tamilnadu,2
allinillinois,2
coronalockdown,2
cbse,2
bt21,2
staysafeohio,2
vijayabaskar,2
ssfootball,2
yeg,2
highriskcovid19,2
lockdown2,2
mog,2
caregiving,2
letlondonbreathe,2
scicomm,2
aviation,2
protestlockdown,2
racism,2
kano,2
nj,2
cnnsesamestreet,2
cdnmedia,2
tigerking,2
disinfectant,2
germanys,2
koreanupdates,2
jantacurfew,2
testtraceisolate,2
trumpdeathtoll100k,2
media,2
beatthevirus,2
coronawarriors,2
kitajagakita,2
women,2
andhrapradesh,2
quiz,2
medtwitter,2
coronavirusinindia,2
wearadamnmask,2
pressbriefing,2
cdntax,2
toriesout,2
slco,2
stopairingtrump,2
trumpdepression,2
pittsburgh,1
11mai2020,1
maskupohio,1
madagascars,1
trumpdeathtoll95k,1
blockcovid19,1
northernireland,1
beactive,1
jackass,1
rahulbajaj,1
chimein,1
inpictures,1
scamdemic,1
indiragandhi,1
corruptgop,1
immunity,1
hancock,1
abcnews,1
fairelectioncrisis,1
thetrumpvirus,1
covid19brasil,1
briefbutspectacular,1
awanipagi,1
bcpoli,1
londonprotest,1
keepthepromise,1
afghanistan,1
publicservice,1
protest2020,1
wearenato,1
british,1
whereisboris,1
indiaunitedagainstcovid,1
pm,1
alllivesmatters,1
planetoftheapes,1
f35demoteam,1
ruthies,1
floridas,1
karensgonwild,1
bame,1
southkorea,1
nomasknotacos,1
21dayslockdown,1
listentothedoctor,1
mobility,1
safeseptember,1
trumpisaloser,1
covid19related,1
breakthechain,1
nosalgasdetucasa,1
60mins,1
webqoof,1
dorset,1
newsrelease,1
kentucky,1
secondwave,1
grieftherapist,1
njpwtogether,1
discoverygrant,1
isolationwards,1
wweraw,1
coronapandemic,1
chartoftheday,1
2,1
schools,1
taiwanmodel,1
getmndonthelist,1
abpoli,1
holeinbuharineck,1
freerealitywinner,1
coronaviruskenya,1
nigeriaeconomicupdate,1
ufwd,1
dominicgoings,1
srhrisessential,1
steinerthighschool,1
ag,1
hcqreleased,1
rwandaworks,1
lockdownondo,1
besafe,1
liarjohnson,1
worldhealthday2020,1
rajajihospital,1
climateemergency,1
nrl,1
camps,1
covid19its,1
vicpol,1
covid19kenya,1
backontrack,1
looting,1
ncdcfailedkano,1
amymcgrath,1
iranian,1
donald,1
nhsbirthday,1
abujatwittercommunity,1
endtrumpswaronamerica,1
coronakidney,1
seun,1
dearireland,1
takingoncorona,1
tenbillionhappy,1
barelytherebiden,1
votebiden,1
arkansas,1
thekingenternalmonarchs,1
chinesecommunistparty,1
scrapbrexit,1
notobacco,1
032,1
tornadowarning,1
trumprallyfail,1
trumpgenocide,1
discoverygrants,1
canpoli,1
level4restrictions,1
democratbackfire,1
ganeshutsav,1
nasawebb,1
philippines,1
jakpost,1
nmfbcares,1
memorial,1
chinaisterrorist,1
citicbs,1
covidorganics,1
chennai,1
bharatwilldefeatcorona,1
visakhapatnam,1
fridaythoughts,1
trumpresignnow,1
kashmir,1
powerofyouth,1
easa,1
stopthecoronavirusgunsurge,1
thecanadianshield,1
hypocrite,1
al,1
eu,1
boris,1
coalcityconnect,1
edutwitter,1
day2,1
bigtex,1
wallstreet,1
edchat,1
tenet,1
scan,1
constitutionovercoronavirus,1
torybrexit,1
sulk,1
kwawesome,1
dogs,1
prayer,1
weareaviation,1
day35oflockdown,1
hannity,1
svp,1
bahudayatra,1
chloroquine,1
removetrump,1
keeptheheid,1
rennes,1
breakingturns,1
asktheinfoministry,1
flawlessskin,1
atlanta,1
futurechild,1
covid19ke,1
shamblesstayathome,1
bangkokpost,1
justiceforrituparnapegu,1
loveampcare,1
special,1
misssa2020,1
parenting,1
tyrannicaltrump,1
blacklivesmatteraustralia,1
reopencanada,1
spreadhumanity,1
trumpcrimefamily,1
australia,1
putinspussypotus,1
preventcovid19spread,1
buyapaper,1
wisconsin,1
mizuharakiko,1
biden,1
cgtnopinion,1
hambalyosomaliland,1
litter,1
nolitimere,1
citinewsroom,1
4thofjuly,1
bethebest,1
sassa,1
trms,1
homesattheheart,1
트와이스,1
044,1
paramedical,1
everydeathcounts,1
millenials,1
placeborita,1
peru,1
60minutes,1
loamyword,1
covidtoronto,1
protest,1
bauchi,1
ncov19,1
freedomisessential,1
pedogate,1
handwashing,1
savehigheredjobs,1
antifa,1
louisville,1
science,1
ndtvbeeps,1
vaxxed,1
ranimukerji,1
japanesegp,1
rysenshyne,1
warpspeed,1
sundaylive,1
steinmeier,1
prioritycovidresearch,1
বলচযনঅমতশহ,1
indians,1
independenceday,1
uel,1
darkesttimeline,1
standingtogether,1
staysafemn,1
lockdownlowdown,1
giveblood,1
france,1
orangecounty,1
saudi,1
kp5,1
lockdownrecipe,1
alfieboe,1
domesticviolence,1
video,1
worldhealthday,1
glnrtoday,1
bikebrampton,1
swfc,1
dolceampgabbana,1
democraticresistancetaskforce,1
maskuparizona,1
voteblue2020,1
kemitalks,1
grippe,1
unhinged,1
fbrparty,1
quarantineonlineparty,1
takebackcontrol,1
day5,1
pcd11,1
pelosimustgo,1
s3599,1
forthepeople,1
eurogroup,1
palliativecare,1
immigranthealthheroes,1
covidcanada,1
cubasalva,1
rwandas,1
odisha,1
essential,1
assam,1
quarantineatvshow,1
nhswho,1
newmusicvideo,1
udmchiefwhip,1
kentuckys,1
death,1
rubyprincess,1
hapuscovid19,1
liberalhypocrisy,1
unverified,1
coronavirusafghanistan,1
montreal,1
ukbiobank,1
beatlockdownblues,1
pence,1
juif,1
randpaul,1
lordvenkateswara,1
cook,1
austin,1
futuredoctors,1
fireislandcrimes,1
nursewhistleblower,1
jt13h,1
querfront,1
yesforyou,1
doh,1
praram,1
covidupdates,1
cmgsees,1
lockdown21,1
lockdowndiary,1
drewbrees,1
mareablancacoronavirus,1
lockdownhustle,1
adninbercerita,1
medicaid,1
marion,1
petersandman,1
liberia,1
nebraska,1
colddrinks,1
earthquake,1
수호,1
christian,1
masksnow,1
nursesweek,1
suho,1
browns,1
topfive,1
disabled,1
underfundedunderthreat,1
3,1
desantisbetrayedflorida,1
husays,1
listentotheexperts,1
guru,1
safmsunrise,1
stayhyped,1
bostonprotest,1
coronaravirus,1
confinementjour54,1
stayhuman,1
shanedawson,1
asia,1
bigbaby,1
zachbushmd,1
internationalnursesday,1
theprinthealth,1
channel4news,1
bolsonaro,1
femicide,1
mummycalmdown,1
bloodonhishandshannity,1
findbertie,1
tsakanedebonairs,1
ffs,1
wwg1wga,1
helloworld,1
kejriwalshowshowitsdone,1
amitabhbachchan,1
heb,1
coronaboy,1
staysafestayhome,1
canadalockdown,1
catteningthecurve,1
roadmapforreopening,1
karenoftheday,1
countryoverparty,1
haikyuu401,1
coronavirusreliefbill,1
avct,1
nothingstayshiddenforever,1
modis,1
desantis,1
bestqualityproducts,1
keralafightscovid,1
pmcaresfund,1
pneumonia,1
sonicwealthcare,1
riplungiletom,1
heatwave,1
vaxxed2,1
sans,1
moneylinewithnancy,1
nationallockdown,1
luth,1
freehopewell,1
coronavirusstayhomesavelives,1
documentary,1
voteblue,1
cantwait,1
keeppushing,1
fornature,1
tulsarally,1
paytheartist,1
hydrochloroquine,1
pridemonth2020,1
mtpdaily,1
kanikakapoor,1
trumpgolfsyoudie,1
newsalert,1
plasticfreejuly,1
tcot,1
trackandtrace,1
kogi,1
ukcoronavirus,1
stroke,1
cpd,1
trumphasnoplan,1
mcconnells,1
mrna,1
twice,1
justiceforjodian,1
irelandphase1,1
ramadan2020,1
cutdataprices,1
shopsmart,1
cerb,1
dobbs,1
happinessforalltogether,1
michiganstrong,1
aidsmemorialquilt,1
mnd,1
firetrump,1
mbpoli,1
betterhealth,1
howicompete,1
nopasarán,1
employment,1
everymindmatters,1
chocellabrixham,1
thismorning,1
immunology,1
misinformation,1
inlegis,1
ifobamawerestillpotus,1
boston25,1
yuju,1
bigonlinepar,1
ntpol,1
kenyan,1
kazzmagazine,1
lapd,1
deplatformicke,1
homecare,1
funeralsinlockdownlevel3,1
kejriwalshowstheway,1
nigerias,1
nstnation,1
fitindiatalks,1
gamechanger,1
pmik,1
internationalworkersmemorialday,1
ontario,1
worldimmunizationweek,1
flattentheeconomy,1
buhari,1
dominiccumnings,1
commonwealthveterans,1
wales,1
foodporn,1
leicesterlockdown,1
newparents,1
boycotthp,1
steamedfish,1
maskhole,1
wewillnotsufferinsilence,1
isolation,1
gratitude,1
oregon,1
lebanon,1
foragreaterlagos,1
skyfootballshow,1
copreps,1
cyrilramaphosa,1
covid19au,1
sb19newpeaksonbillboard,1
coronavirua,1
whereisjoebiden,1
canadacovid19,1
contestalertindia,1
endwildlifemarkets,1
mitchellsplain,1
psrw,1
이달의소녀,1
voteredtosaveamerica,1
karensgonewild,1
mtnwestnews,1
kleague,1
takeitonthechin,1
tdgarden,1
makemoneyonline,1
peston,1
contestday,1
sendppe,1
nice06,1
coronadon,1
deconfinement,1
donniedeathtoll,1
ballito,1
trumpburialpits,1
zimbabwe,1
dogsarefamily,1
somethingnewchallenge,1
वदयरथयचमनसआवज,1
armenias,1
blkbottomline,1
pirates,1
nofear,1
covid19sweden,1
coronaupdatesindia,1
northcarolina,1
stephenmiller,1
markaz,1
coronavirusmexico,1
pubsopening,1
rajasthans,1
cowboyssteelers,1
holdstill2020,1
abbracciauncinese,1
bikelanes,1
deepsea,1
coronavirusoutbreakindia,1
zambia,1
accra,1
dermtwitter,1
wakeup,1
cuomo,1
naijaviralz,1
pastorchrisgivesagain,1
idtwitter,1
thanksboris,1
day74oflockdown,1
odumejethelion,1
usmcato,1
seniorcare,1
datafraud,1
amr,1
outbreak,1
children,1
healthequity,1
borishasfaileduk,1
covidforprofitscam,1
ca,1
moneywebnews,1
eid,1
seamusheaney,1
satx,1
seabass,1
doglovers,1
indefinitelockdown,1
research,1
limerick,1
distanciationsociale,1
goodjobcop,1
xijinping,1
altogether,1
odishafightscorona,1
dc,1
sonichealthcares,1
hwra,1
bharatbiotech,1
telangana,1
trumpkillstexas,1
transparency,1
hebobiwine,1
youcantstopus,1
zanupfmustgo,1
manchester,1
kochbrothers,1
drharry,1
photojournalism,1
covid19impactke,1
mcdonalds,1
coronaupdatesinindia,1
trudeau,1
covid19usa,1
mycovid19naijastory,1
lockdownsouthafrica,1
handwashchallenge,1
democratic,1
dnc,1
roadtrip,1
bangladesh,1
spreadhope,1
seafood,1
stopthencdcbill,1
jamaica,1
cowghee,1
wha73,1
riseabovehate,1
banditoftheweek,1
saturdaymotivation,1
shareasquare,1
pakistanis4pakistanis,1
pmtrudeau,1
dbresearch,1
chinavirus,1
happydoctorsday,1
pe,1
antibodies,1
fullyopenca,1
wednesdaywisdom,1
chuckschumer,1
coronaviruscrisis,1
ventilators,1
25thamendmentnow,1
真顔チャレンジ,1
us,1
earlyexperiences,1
drharryconsultants,1
weaad2020,1
thursdaymotivation,1
coronapanic,1
newborn,1
springst,1
patriotpay,1
075,1
sundayspotlight,1
netde,1
training,1
care,1
samorning,1
carrielams,1
irans,1
rutgers,1
repeat,1
ctet,1
firsttimeinafrica,1
wuhanvirusmadeinchina,1
guangdong,1
whitehousepressbriefing,1
doncaster,1
arsenal,1
germany,1
disability,1
sweettreats,1
gavinnewsom,1
teamcno,1
chinamustexplain,1
checkpoint,1
nationalfindarainbowday,1
testkitscam,1
housing,1
tobaccoexposed,1
carersweek,1
covidequitychat,1
medrxiv,1
rakhtuhausla,1
wistayshome,1
aprilfoolsday,1
yankees,1
q13fox,1
newmusic,1
soctwitter,1
clapforkeyworks,1
jairbolsonaro,1
wearenotplaying,1
ylp6,1
coved19,1
dontbesillybilly,1
coronavirusrelated,1
sonusood,1
9news,1
msnbc,1
saynotougcguidlines,1
nairaforaccess,1
420day,1
howwegothere,1
hypocrites,1
criticalcare,1
film,1
tims,1
bstrong,1
masks,1
h1n1,1
coronaviruscovid19,1
keralas,1
wehealasone,1
stopthespreadsf,1
latelateshow,1
desighee,1
corona19,1
latscovid19journal,1
ji,1
weather,1
pkpb,1
wehaveroghts,1
publichealth,1
caregiver,1
dataethics,1
covidstopswithme,1
romania,1
freedomday,1
ladakhclash,1
wesawthat,1
cfc,1
immunesystem,1
snp,1
education,1
nc13,1
endthelockdown,1
mother,1
cpec,1
smartmobility,1
xhosa,1
fab,1
recession,1
stayhomeandstaysafe,1
infographic,1
medstudentcovid,1
rbi,1
kpbudget2020,1
olympics,1
chico2020,1
togetherwebuild,1
sb19,1
yourhealthourpriority,1
sanantonio,1
covid19special,1
britishbasketball,1
halloweenkills,1
breachoftravelban,1
shisonjun,1
croziers,1
getawaywithmurder,1
bslhealthaccess,1
coronapocolypse,1
yoonhak,1
neilferguson,1
extendlockdown,1
healthcareheroes,1
29thon9th,1
jerseyday4canada,1
downingstreetbriefing,1
masktest,1
nhlbruins,1
hounews,1
slowthespread,1
survivor,1
justtheflu,1
coverup,1
sekolah,1
sistersduet,1
5g,1
gameoflife,1
covid19ohioready,1
예리,1
ramdev,1
thermalimaging,1
lasg,1
gavinwilliamson,1
justintrudeau,1
tuesdayvibes,1
leavenoonebehind,1
bytherules,1
chiefnursingofficer,1
tylerperry,1
scdemocraticprimary,1
pandemicdrone,1
tasty,1
sel,1
pedowood,1
publicserviceweek,1
debonairsknockdownday50,1
trumpdeathtoll92k,1
piersmorgan,1
bbcnews,1
vanpoli,1
locustoutbreak,1
texascovid,1
southdakota,1
tacabron,1
dublin,1
michaelhickson,1
bangsabebal,1
odishahonorscovidwarriors,1
cbcmb,1
texanshelpingtexans,1
레드벨벳,1
covid19isjustanastyflu,1
trumpdeathtoll81k,1
quarantini,1
climateaction,1
highestdeathrateineurope,1
asthma,1
sharethis,1
drogba,1
plandemic,1
cnn,1
turkey,1
tragic,1
coleg,1
withme,1
automotivevision,1
fallcaball,1
mulikacorona,1
rt,1
eastersunday,1
penguins,1
chimesweeps,1
wemattertoo,1
blm,1
swearing,1
donotopencalifornia,1
cpcldr,1
vishakapatnam,1
flashmob,1
theresistance,1
covidkindness,1
safety,1
icmrfightscovid19,1
ministerspressbriefing,1
dallas,1
classof2020,1
coronakillerneem,1
socialdistansing,1
abuja,1
covid19contest,1
pubsreopening,1
indiafightscoronavirus,1
integratednavalforce,1
coronavirustruth,1
makeinindia,1
guangzhou,1
teamwork,1
nffc,1
twitchstreamaid,1
nomasks,1
endcovid,1
twitterchat,1
power,1
ecdc,1
sdof,1
illegalimmigrants,1
lockdown3,1
coronaviruslockdownuk,1
eurostar,1
novaccinetrialsinnigeria,1
ms,1
bloodontheirhands,1
childsex,1
thepurge,1
bangkok,1
pangolin,1
jointhepolice,1
dnamedicines,1
ramadandiary,1
day41oflockdown,1
kingston,1
notinmyhome,1
independentsage,1
drinkpurefruits,1
autotune,1
adrenochrome,1
hiv,1
shahidvspelosi,1
महरषटर,1
suicideprevention,1
contesttime,1
hcq,1
etatsunis,1
migrantworkers,1
pride2020,1
day13oflockdown,1
ebola,1
uif,1
rbeiwellnessfirst,1
kidney,1
blessingscounts,1
physicaldistance,1
devexfocus,1
nara,1
thenextnormal,1
thrivingwallet,1
rathyatra2020,1
lockdowndiaries,1
gay,1
ynwa,1
coronaviruscanada,1
pkmap,1
covid1in20,1
pritipatel,1
gocoronago,1
aiethics,1
trump2020nowmorethanever,1
breakingnews,1
asylum,1
thedivide,1
ohsaa,1
abortionisnothealthcare,1
executiveorder,1
coveryourfreakinface,1
livelife,1
8nn,1
centralpark,1
sb163,1
donaldtrumps,1
nbsliveat9,1
tomorrowtogether,1
saveourwildworld,1
chaz,1
wemakeevents,1
giveaway,1
covididiot,1
homeopathy,1
dailybriefing,1
ukweliwamambo,1
docsvsofficials,1
curfew,1
faceshields,1
bebenang,1
nora,1
stockmarket,1
pmln,1
11thhour,1
covid19nfld,1
trumpisalaughingstock,1
whataftermay3,1
banbullfighting,1
doctorsday2020,1
misuse,1
funny,1
newsfeed,1
trumptulsarally,1
maskuphoosiers,1
abed,1
reviews4good,1
dudukrumah,1
speakout,1
quedateentucasa,1
firstup,1
cancelfinalyearexams,1
stoptargetingmuslims,1
legendseries,1
facecovering,1
makeamericagreatagain,1
aimforzero,1
kilifimedicalcomplex,1
africansarenotlabrats,1
parenthood,1
boristhebutcher,1
oilprice,1
defeatthemob,1
maskshaming,1
chinaliedandpeopledied,1
wevegotacountrytosave,1
7,1
maskon,1
frontlineheroes,1
stuttgart,1
1000xworse,1
sshorseracing,1
mentalhealthminute,1
testing,1
everyoneneedsanot,1
unicefthailand,1
transfers,1
memorialdayweekend2020,1
scasksfauci,1
az,1
maskupindia,1
iu,1
skpoli,1
ny,1
joebidenjob,1
ripabbakyari,1
lotusherbals,1
opencovidpledge,1
bc,1
recalldougducey,1
nizamuddinmarkaz,1
curbaredge,1
yournhsneedsyou,1
kingscolddrinks,1
happyfathersday,1
trumppandemicfailure,1
medstudenttwitter,1
cowurine,1
day25oflockdown,1
sponsoredbydiscover,1
trumpisnotwell,1
togetheragainstcovid19,1
lovemydog,1
weservejoburgtk,1
ramadan,1
kazakhstan,1
covid19out,1
scfc,1
atleti,1
nocptpp,1
covid19tshelp,1
kendricklamar,1
tshegofatsopule,1
abhishekbachchan,1
antibodytest,1
playyourpart,1
informalsector,1
peakdistrict,1
sindhgovt,1
collaboration,1
moneyforthepeople,1
mask,1
donaldtrump,1
coronacrisis,1
joblosses,1
sackcummings,1
jimclyburn,1
punebased,1
irony,1
democratsaredestroyingamerica,1
boycottchineseproducts,1
fresh,1
joynews,1
propaganda,1
bjpsdistractandrule,1
covidhearing,1
prison,1
artistreliefcovid19ie,1
nbsupdates,1
youarehighrisk,1
gstfreecorona,1
12news,1
protests2020,1
countyofventura,1
earthday2020,1
merica,1
ourpresidentbernie,1
coronarelief,1
protectnm,1
tabligijamaat,1
hongkongs,1
14daylockdown,1
internationaldayofhappiness,1
amrstaff,1
svnitagainstonlineexams,1
genderdata,1
africawakeup,1
mmquarantine,1
lockdownend,1
pmकदशकधख,1
aapi,1
dairyconsultants,1
yahoo,1
thesimpsons,1
abkarodeshkirakhwali,1
covidkerala,1
voteleave,1
yeri,1
halloweenends,1
draftathon,1
ithadtobesaid,1
hermancains,1
alpolitics,1
fgpayouraprilsalary,1
nicolegriggs,1
masksforall,1
biden2020,1
sf,1
medicalsupporteu,1
oneperson,1
sjc,1
loveots,1
savethaifarmers,1
openpandemics,1
madeinchinavirus,1
cdcfudging,1
mountrushmore,1
na,1
swasthabharat,1
desantisfailedflorida,1
icicibank,1
vmas,1
isolationward,1
มวกลฟ,1
digitalbanking,1
borisjohnsons,1
gwbps,1
cycling,1
tanzania,1
bbcan8,1
happybirthdaytrump,1
traderjoes,1
mankibaat,1
acedthecognitivetestby,1
sarscov19,1
topnews,1
morninglive,1
keepyourrent,1
newnormalwhile,1
soleimani,1
chinaindia,1
bengalrejectsamitshah,1
americavsnigeria,1
universityexams,1
covid19italia,1
pathology,1
covidmalaysia,1
hornets,1
lockdownexit,1
endit,1
m7address,1
paybackthemoney,1
confinementjour39,1
nexstarnations,1
mogov,1
coronaviruschina,1
clapforcarers,1
recipe,1
awani745,1
obesity,1
doctorsday,1
independenceday2020,1
fridaymorning,1
lagosagainstcovid19,1
pizzagate,1
academicchatter,1
masspromotion,1
gynocide,1
nobodylikestrump,1
kiitkissfightscovid19,1
puertorico,1
magu,1
excited,1
testingtestingtesting,1
conspiracytheory,1
hope,1
birmingham,1
racist,1
recallkatebrown,1
rainbows,1
unlockwaterforall,1
cele,1
newzroom405,1
herooftheday,1
factcheck,1
homeinstead,1
abc13,1
broadcastinghouse,1
tabligiheroes,1
futurewewant,1
qldpol,1
coronavirusbotswana,1
supernovas,1
extendtransition,1
organic,1
sancho,1
ppenow,1
fortdetrick,1
lalbaugcharaja,1
코로나19,1
mdw,1
fisayoscovid19series,1
disablednotdisposable,1
deaf,1
unitednations,1
brasile,1
downingstpresser,1
nasscomfutureskills,1
day57oflockdown,1
cashappfriday,1
maskupmichigan,1
transited,1
freshtweets,1
dvt,1
patanjaliayurved,1
hotline,1
globalceasefire,1
bobanddoug,1
helpushelpyou,1
askwho,1
dohkyungsoo,1
day10,1
pressercovid19,1
ntvonthespot,1
civilrights,1
prayers,1
rememberme,1
impeachment,1
covidtexas,1
littleinvestment,1
racistinchief,1
dropthelawsuit,1
noschool,1
wherespence,1
geographyathome,1
breakikg,1
indonesia,1
love,1
pakistans,1
aprilryan,1
section230,1
promotefinalyearstudents,1
chocella,1
mybrotherskeeper,1
lesmis,1
rutgersimpact,1
makechinapay,1
emergencyappeal,1
nyt,1
dlaminizuma,1
fish,1
tennessee,1
billbarr,1
ad,1
notoabscbnshutdown,1
paternity,1
kingsdiet,1
finalyearexam,1
uighur,1
joynewstoday,1
gopgenocide,1
charitybeginsathome,1
democracy2020,1
bjp,1
clapforboris,1
lbc,1
15,1
covidtrackerapp,1
cottonelle,1
sharemycheck,1
racisminchina,1
chicago,1
longtailcovid,1
happytalism,1
onome,1
ganeshotsav,1
equality,1
abbakyari,1
coveryourfaceholes,1
cooking,1
vaccine,1
sandf,1
trumpisanidiot,1
whatdidwethinkwouldhappen,1
collegestudents,1
chocolate,1
joysms,1
covid19forced,1
rays,1
abc730,1
keepsmiling,1
nancypelosi,1
conspiracy,1
maternityleave,1
stopkillingwomen,1
covidsupportforce,1
dinner,1
chocolatehummus,1
voting,1
pallicovid,1
psg,1
sonyejin,1
waragainstvirus,1
playeveryday,1
staystrongla,1
iamprovidingaservice,1
phillipschofield,1
ajopinion,1
forceforgood,1
whitehousebriefing,1
convert,1
investigate,1
maharashtra,1
eyewitnessreport,1
fox10phoenix,1
coronavirustoday,1
bepositive,1
parksandrec,1
canadahomeworkhelp,1
illegalimmigration,1
bbcafricaeye,1
defendpressfreedom,1
lockdownjust,1
apologizeindiatv,1
defenseproductionact,1
thrombosis,1
money,1
bats,1
abachaloot,1
trumpscoronavirusrally,1
nearzero,1
dnavaccines,1
mentalhealthmonth,1
transformation,1
braincellblocktango,1
chinablockswion,1
carte,1
maskmandates,1
trumpbudget,1
trumprecession,1
englishnews,1
americasbanks,1
decouple,1
illegalaliens,1
greenrecovery,1
beijing,1
roma,1
rajasthan,1
asymptomatic,1
quarantinechronicles,1
uklockdown,1
allinwa,1
genome,1
fightingcovid19,1
juneteenth,1
greens,1
efccprobesizeiyamu,1
allhandsondeck,1
covidquilt,1
covaxin,1
afp,1
free,1
mepolitics,1
floridacoronavirus,1
reiders,1
hantavirus,1
airindia,1
karenavirus,1
themandalorian,1
g1,1
gregabbot,1
bbnaija2020lockdown,1
lockdownmzansi,1
royalfreelondon,1
minneapolis,1
ct,1
cpecmakingprogress,1
osh20,1
covid19argf,1
s0905,1
willsmith,1
beijingbiden,1
moroninchief,1
workingsafely,1
rtept,1
firsttimeparent,1
lupus,1
moids,1
tigerforce,1
museums,1
covid1in10,1
protectthefrontline,1
virginiatech,1
socialdistance,1
personwomanmancameratv,1
singapore,1
vote,1
fiveeyes,1
tenstepstoglobalhappiness,1
andrewcuomo,1
beatcovid19,1
covid19ab,1
healthyweightforall,1
cumgate,1
biodiversityday,1
womencount,1
dementia,1
venezuela,1
advantage,1
selectionbias,1
wfh,1
fintech,1
istandwithtucker,1
testingkits,1
pressrelease,1
trumpmadness,1
staysafenigeria,1
statefairoftx,1
freecourses,1
sambitpatra,1
factsoverfear,1
abbakyarifacts,1
barnardscastle,1
evidencebasedmedicine,1
coronavirusinsouthafrica,1
animalcruelty,1
covidtesting,1
ldnblm,1
vituskickstarter,1
stopfascism,1
trumpscovidfails,1
stanfordmedlive,1
losingit,1
bogota,1
covid19she,1
covid19aus,1
loona,1
globalist,1
wegotus,1
somalefoundation,1
covid19aphelp,1
harvarduniversity,1
thekarenator2020,1
디오,1
motogp,1
powercut,1
lockdownquestions,1
islamabadpolice,1
un,1
ukwelimtaani,1
duh,1
stayhomesa,1
missouri,1
oceans,1
hewenttojared,1
covid19quarantine,1
tariqjamils,1
exclusive,1
southasias,1
adriatour,1
chile,1
madeinrwandaprotective,1
كلنامسؤول,1
yeswecare,1
just,1
coronavirusdeaths,1
firefauci,1
humanrights,1
lovedeliveryfest,1
ccps,1
coronavirusinnigeria,1
2020vision,1
bandeutkalajanani,1
scotland,1
borneobulletin,1
madrugz,1
worldu17,1
tv3newday,1
odumeje,1
australialockdown,1
universitychallenge,1
covidreadystudy,1
stayathomesavelives,1
varavararao,1
ukheatwave,1
n95,1
9wwos,1
broadcast,1
idiotdeblasio,1
goodtechibm,1
coronaheroes,1
fatcats,1
askquestions,1
confinementjour50,1
monitorupdates,1
keepafreakiesteviedistance,1
caregivers,1
rockhall2020,1
pernaut,1
avener,1
chinese,1
sundaymorning,1
khou,1
debt,1
europeday,1
samestormdifferentboat,1
grandnational,1
singapour,1
jobseeker,1
break,1
61mps,1
coviddeaths,1
intermiamicf,1
trumpownseverydeath,1
usmle,1
netherlands,1
newminimumwagearrears,1
missiondharavi,1
eval4action,1
saintsfc,1
journalism,1
getmeppe,1
howimfeelingnow,1
charleslieber,1
dubai,1
mexicosaludable,1
vancouver,1
protectnurses,1
modibetrayedindia,1
iheartconcertonfox,1
plagueofcorruption,1
chine,1
extendthetransition,1
stayathomeandstaysafe,1
deadlynegligence,1
prolife,1
toiletpaper,1
govabbott,1
peakweek,1
freethevaccine,1
mexico,1
lockdownnigeria,1
justiceforgeorgefloyd,1
keepingyoualive,1
weshallovercome,1
askmymayor,1
cancer,1
amjoy,1
senate,1
mondaymorning,1
la,1
mulive,1
irs,1
rip,1
access,1
stopkillingwomenandchildren,1
101waystoplay,1
returnstronger,1
ehsaasemergencycash,1
japensabah,1
vaccineswork,1
unitebehindscience,1
pennsylvania,1
americaortrump,1
frontlinesoldiers,1
salem,1
nutrition,1
covid19associated,1
tablighiphobia,1
icmr,1
도경수,1
do,1
votebymail,1
fintechs,1
usnscomfort,1
supercashappfriday,1
covid19mexico,1
votered,1
njpw,1
childcare,1
doffing,1
trumpsevilplan,1
anonymous,1
tisu,1
sharehope,1
goptaxscam,1
unemployment,1
trumprallytulsa,1
hetvskillsfund,1
minneapolisriots,1
forzaitalia,1
gbasgbos,1
cbcnn,1
employers,1
tomorrowspaperstoday,1
newstrack,1
covid19africa,1
noalleyforme,1
njbosj,1
coronavirusireland,1
051,1
accesstomedicine,1
tamitreadwell,1
ownspotlight,1
bbcnewssix,1
iamylp,1
earlyyearsmatter,1
covidreliefirs,1
freejacob,1
11mai,1
drnusratshah,1
djsbu,1
digital,1
handwashingsongs,1
nhsggc,1
odishafightscoronavirus,1
8,1
nice,1
europeantravelban,1
portland,1
parliament,1
arod,1
txpolitics,1
kanolockdown,1
covid19ug,1
shoreviewstrong,1
bulgaria,1
donateplasmasavelives,1
wtf,1
frontliners,1
sidharthshukla,1
keepingthemhonest,1
smes,1
teamtaylormade,1
discrimination,1
askcaptain,1
utahstrong,1
dirumahaja,1
day48oflockdown,1
covid19sverige,1
schoolclosures,1
ncov2020,1
bbcfootball,1
ugandan,1
wegotthiswa,1
olderadults,1
covidisover,1
theprojecttv,1
ncov2019,1
madagascancure,1
lockdowns,1
ravishkumar,1
not,1
switzerland,1
unbelievable,1
coronavirusnewscast,1
indore,1
kenya,1
titans,1
covidtech,1
saudiarabia,1
contacttracing,1
firforsushantunder302,1
mattgroening,1
nrlmanlystorm,1
covid19deserve,1
tibet,1
grief,1
folklore,1
tmobiletuesdays,1
startsmall,1
turks,1
swansforrelief,1
massachusetts,1
moleg,1
medical,1
amyklobuchar,1
projectairbridge,1
lockdownnow,1
steppingup,1
nphwchat,1
ipsinnovates,1
janeygodleyvoiceover,1
galatians67,1
belgium,1
chopsfives,1
thehighwire,1
google,1
khairpur,1
joesnotsorry,1
london,1
السعودية,1
socialwelfare,1
cds2020,1
andrewwong,1
coronavirusact,1
azerbaijan,1
phdlife,1
releasethedata,1
morningstarr,1
america,1
tiktok,1
covd19,1
lego,1
दललजनसवद,1
cantmakethisup,1
reidoftheday,1
giveitarest,1
pleasestayathome,1
maharashtrafightscorona,1
indian,1
kanaknews,1
ters,1
failedlockdown,1
odishacares,1
oxidativestress,1
longcovid,1
goc,1
divasdailydeepseafact,1
odishas,1
skincare,1
urgente,1
nthroomcase,1
carbonoffsetting,1
wellbeing,1
dog,1
jwst,1
responsiblerestartohio,1
drivingrelief,1
pantajalis,1
coronvirus,1
frazzledrip,1
journalismisdead,1
schoolsreopening,1
cognitivetest,1
covidbc,1
covidvic,1
vizaggasleak,1
velshi,1
climatecrisis,1
urbietorbi,1
cps,1
pescatarian,1
ausbiz,1
stayinthehoose,1
duduzanezuma,1
southafrica,1
putsouthafricansfirst,1
actionaidtalksug,1
nikegate,0
modimadness,0
democratpork,0
paulryan,0
trumpisadangertoamerica,0
coronavirusfaqs,0
leadership,0
votebidentosaveamerica,0
coronapocalypse,0
avfc,0
covidlogic,0
golf,0
climatechange,0
kungflu,0
aidilfitri,0
mexicans,0
clustertrump,0
tokyomuseums,0
bellaciao,0
fuckkemp,0
covid19vic,0
akatv,0
stayathomeorder,0
essentialgoods,0
mtp,0
leaders,0
worldrefugeeday,0
covid19please,0
democrats,0
novaccinefortrumpderangementsyndrome,0
moscow,0
politics,0
iameuropean,0
examfever,0
apartheidindia,0
essentialservices,0
2a,0
foxbusiness,0
music,0
lockdown4,0
dearblackpeople,0
wakeupamerica,0
toryscum,0
whytrumpmightquit,0
shareculture,0
iteleastergoodies,0
getusppe,0
policebrutality,0
dholerasmartcity,0
whacountdown,0
sacrifice,0
nursinghomeslaughter,0
umalambane,0
topoli,0
trumphasnocredibility,0
youclapformenow,0
covidiiots,0
thursdaymorning,0
coronaphobia,0
trumpliespeopledie,0
nightlife,0
verdict,0
nufc,0
altnewsfactcheck,0
miamimarlins,0
cnnmeltdown,0
lockdownireland,0
israel,0
drelmoatiku,0
killercuomo,0
kushner,0
queenspark,0
newyorktough,0
gujaratcoronaupdate,0
nottheonion,0
briankemp,0
majorleaguebaseballmlb,0
humanrightsviolations,0
iitjam,0
tre45on,0
bastopthinkagain,0
worlddayagainstchildlabour,0
mitchplease,0
trumpplague,0
localgov,0
promisesmade,0
level3restrictions,0
ntvnews,0
compassionaterelease,0
tbh365,0
nurses,0
sciencenotsilence,0
sportsbiz,0
protectournhs,0
georgia,0
dmbdrivein,0
csna,0
freeourpeople,0
trinitybellwoods,0
curfewke,0
chemnitz,0
physicians,0
ignorantkenyans,0
maddow,0
usps,0
endthenightmare,0
clarity,0
dystopia,0
getusadamntest,0
timespoll,0
openeconomynow,0
kidvicious,0
focusonthetrumpdeathtoll100k,0
votebluetoendthisnightmare,0
fairblog,0
ramdevcoronacure,0
ioresistoacasa,0
bakersfielddoctors,0
takecarebeforyoushare,0
jen2020,0
tampa,0
operationmuskaan,0
fox5atl,0
liberationday,0
praytogether,0
clapforthenhs,0
delta,0
statueofunity,0
showyoucare,0
xinjiang,0
church,0
newnormal,0
promisesmadepromiseskept,0
norway,0
trumpcovidfails,0
drbirx,0
kysen,0
istandwiththepresident,0
covid1984,0
hushpuppi,0
ournhspeople,0
gandujehasfailedkano,0
i4india,0
caf,0
fionaapple,0
brucelevell,0
pkp,0
bakersfield,0
youarenotalone,0
engagetheig,0
economy,0
pledgetoamericasworkers,0
malaysia,0
oklahoma,0
openamericatoday,0
wecommercemumbai,0
clapfornhs,0
coronaviruske,0
japaneseart,0
religiousfreedom,0
thankyouthursday,0
endsarsnow,0
thefive,0
moscowmitchmcconnell,0
tuesdaythoughts,0
playerstogether,0
minutesilence,0
banned,0
cuppycares,0
demdebate,0
mco,0
closethepubs,0
groundnews,0
onemorejumla,0
getwellsoon,0
shelterinplace,0
womeninpolitics,0
longreads,0
newstarterfurlough,0
epfo,0
superspreader,0
deasp,0
unicef,0
failedfedreaponse,0
trumpistheworstpresidentever,0
9today,0
riverchurch,0
cuboulder,0
100kdead,0
southernkadunamassacre,0
streetchildren,0
borisisback,0
clapforkeyworkers,0
tulsa,0
locktheclock,0
unescos,0
gapsinsupport,0
cdnpse,0
oncealways,0
opensafely,0
kitateguhkitamenang,0
wsjwhatsnow,0
loc,0
ba,0
deathornyse,0
ufcjax,0
htx,0
flipitblue,0
pressbreifing,0
nursinghomedeaths,0
russias,0
angels,0
rteinvestigates,0
trumpdeathtoll137k,0
independencefromtrump,0
saturdaythoughts,0
ksleg,0
syllabusforstudents2020,0
tweetfortaiwan,0
trumpisacompletefailure,0
russian,0
wewantdrfaucidailybriefings,0
policereform,0
firstffc,0
crosstalk,0
eidaladha,0
sociopathinchief,0
poland,0
nba,0
nkosazanadlaminizuma,0
outnow,0
speakingmoistly,0
freethebeach,0
thankyounhs,0
welfare,0
dpanow,0
r,0
kitamestimenang,0
jerusalem,0
stayhomemn,0
day97oflockdown,0
coronavirusph,0
happybirthdaynhs,0
cuppyfoundation,0
sapsnc,0
cardib,0
batikkit,0
stopairingtrumpnow,0
estevirusloparamosunidos,0
marvel,0
statueofdisplacement,0
findsomethingnew,0
thankshealthheroes,0
futuro360,0
umich,0
obamawasbetterateverything,0
derp,0
dudukdalamrumah,0
callitcovid19,0
coronavirusthoughts,0
oppima,0
daybreak,0
gotsymptomsgettested,0
lockdownindia,0
resiliart,0
stayhomesaveslives,0
sb19ikakosaasap,0
klpga,0
deadder,0
woodberry,0
jobsreport,0
fallonathome,0
medicalsupplies,0
corinavirus,0
sona2020,0
midwives,0
ahhahaha,0
komunikasikita,0
chinesevirus19,0
flattenthecurvechallege,0
blackcoffee,0
socialdistancingnow,0
connection,0
aliensexist,0
pencelies,0
muslims,0
budget2020,0
clapforourcarers,0
coronavirusus,0
blacklivesmattter,0
corononavirus,0
nhs72,0
fixitjesus,0
healthworkers,0
bretthankison,0
panicporn,0
everyrupeecounts,0
swisscovid,0
tribals,0
ahmaudarbery,0
fbpe,0
apdgp,0
superspreaderrallies,0
government,0
whiston,0
socialsecurity,0
itelsaysstaysafe,0
fox35,0
isolatednotalone,0
mavericks,0
truthliveshere,0
moreliesmoredie,0
covid19httpstcodte12cgfxs,0
tulsatrumprally,0
babetrayal,0
pillsbypost,0
floridamorons,0
postsecondary,0
sundayvibes,0
ppesupplies,0
melbournelockdown,0
covod19,0
hindutva,0
darwinawards,0
neverahoax,0
russianbounty,0
reportecovid19,0
smartnews,0
gujaratmodelexposed,0
level5lockdown,0
houstontx,0
25theamendmentnow,0
blackwidow,0
rescueriders,0
mmlockdown,0
ncoc,0
quarantineandchill,0
wewantjoe,0
tutmustfall,0
hospices,0
70days,0
redrobin,0
afcb,0
forceforchange,0
covidactnow,0
president,0
billygraham,0
promiseskept,0
lockdownuk,0
winnipeg,0
trumpisapublichealthmenace,0
stayhomelivelounge,0
benedictdonald,0
trumpdeathtoll85k,0
generalstrike,0
trishregan,0
