realdonaldtrump,168
who,47
borisjohnson,33
potus,26
realdonaldtrumps,23
drtedros,22
nytimes,21
whitehouse,19
matthancock,19
cnn,19
narendramodi,18
joebiden,17
gatewaypundit,17
cdcgov,15
piersmorgan,14
vp,12
business,11
nygovcuomo,11
nbcnews,11
gavinnewsom,11
ft,11
dhscgovuk,11
mbuhari,11
govrondesantis,10
ncdcgov,10
wsj,9
abc,8
shailagarde,8
,7
politicususa,7
justintrudeau,7
thespybrief,7
pmoindia,7
bisouthafrica,6
arvindkejriwal,6
nhsengland,6
jidesanwoolu,6
johnshopkins,6
glblctzn,6
un,6
cnbc,5
fordnation,5
thecableng,5
aoc,5
speakerpelosi,5
thetimes,5
mailonline,5
jaketapper,5
senatemajldr,5
gop,5
ap,5
10downingstreet,5
ani,5
rahulgandhi,4
weijia,4
usatoday,4
scotgov,4
covid19,4
torontostar,4
scottgottliebmd,4
skynews,4
lindseygrahamsc,4
texastribune,4
cphocanada,4
washingtonpost,4
fema,4
govkemp,4
abcnews,4
chriscuomo,4
huffpostpol,4
bbcnews,4
kagutamuseveni,4
cmomaharashtra,4
nigeriagov,4
gmb,4
washtimes,4
mohkenya,4
drsanjaygupta,4
govwhitmer,4
rishisunak,4
gatesfoundation,4
antonioguterres,4
mybmc,4
govabbott,4
policeng,4
timesdemocracy,4
dominicraab,4
nicolasturgeon,4
govmurphy,3
stcollinson,3
dailycaller,3
nhsuk,3
oann,3
amitshah,3
nypost,3
kayburley,3
bw,3
authackeray,3
cyrilramaphosa,3
foxnews,3
politico,3
usnavy,3
forbes,3
financialtimes,3
billgates,3
keirstarmer,3
pattyhajdu,3
uniofoxford,3
drzwelimkhize,3
cdcmmwr,3
flourish,3
msnbc,3
fbi,3
indianexpress,3
rahulkanwal,3
newindianxpress,3
andersoncooper,3
berniesanders,3
jdawsey1,3
georgemonbiot,3
ndtv,3
bnzmagsambol,3
govevers,3
tuckercarlson,3
weareoneexo,3
thelancet,3
santucci,3
mikepence,3
elrufai,3
samaritanspurse,3
reuters,3
bbcr4today,3
christufton,3
nycmayor,3
theatlantic,3
joeliveline,3
lbc,3
cbsnews,3
theeconomist,3
maitlis,3
joshfrydenberg,2
nancook,2
guardian,2
apple,2
randpaul,2
projectlincoln,2
sriramulubjp,2
nakufoaddo,2
celliottability,2
nbcnightlynews,2
whos,2
latimes,2
mbuharis,2
pheuk,2
achyutasamanta,2
roinnslainte,2
hrdministry,2
acosta,2
indiasmuslims,2
grandson,2
genflynn,2
shamikaravi,2
shamscharania,2
danielandrewsmp,2
anneliesedodds,2
blueangels,2
lsmoh,2
rtenews,2
cnnopinion,2
cnnsitroom,2
dreoehanire,2
giditraffic,2
qaanitahhunter,2
msisodia,2
drobafemihamzat,2
jimjordan,2
dghisham,2
meljstride,2
ruhakanar,2
airtelnigeria,2
michaelpooler,2
mkraju,2
dantehanwannon,2
govmikedewine,2
capaction,2
msaludpy,2
martinsavidge,2
achbalkrishna,2
newyorker,2
gmanews,2
healthaffairs,2
followlasg,2
indiatoday,2
asu,2
rashidatlaib,2
peston,2
hselive,2
bbcbreakfast,2
nigairforce,2
chrisgiles,2
ncgovernor,2
pibindia,2
wellcometrust,2
morningjoe,2
keishabottoms,2
palkisu,2
kroger,2
geoffrbennett,2
susannareid100,2
seanhannity,2
bbctwo,2
sardesairajdeep,2
sonusood,2
kenrosenthal,2
tesla,2
rbi,2
newday,2
dradhambaba,2
kiituniversity,2
wwe,2
shailajateacher,2
andrewholnessjm,2
ilhanmn,2
globeandmail,2
tedcruz,2
stevescalise,2
ashishkjha,2
ewarren,2
profakinabayomi,2
govuk,2
xtotl,2
govinslee,2
breakfastnews,2
rollingstone,2
gregabbotttx,2
cmoengland,2
megtirrell,2
ashleyrparker,2
rotimiakeredolu,2
cbcnews,2
dcms,2
usfda,2
nature,2
npr,2
pearsonsharp,2
borisjohnsons,2
survation,2
senategop,2
vaughnhillyard,2
secretarysonny,2
thespinofftv,2
secpompeo,2
erictopol,2
cnni,2
govtimwalz,2
coronavirus,2
khnews,2
steveeder,2
thisweekabc,2
wikipedia,2
ericliptonnyt,2
inproportion2,2
kkmputrajaya,2
ocregister,2
time,2
tomaspueyo,2
ddnewslive,2
hhsgov,2
foxla,2
cbseindia29,2
afp,2
drericding,2
ryanobles,2
nih,2
rapplerdotcom,2
ronnirenberg,2
theprintindia,2
mtnng,2
housegop,2
cmichaelgibson,2
floridachannel,2
jeremyphoward,2
cmotamilnadu,2
dlawrenceobe,2
reisthebault,2
bethmariemole,2
ngrpresident,2
azdhs,2
bethrigby,2
uklabour,2
businessinsider,2
jonashworth,2
donlemon,2
jmaurelioinq,2
minofhealthug,2
funkeakindele,1
earthmedic,1
simonscarr,1
chime,1
country935fm,1
jtanews,1
marybethpf,1
rarcadioinq,1
maggiemfox,1
eidgeek,1
instablog9ja,1
javieralatorre,1
samiramadani1,1
chanzuckerberg,1
adamboultonsky,1
loblawson,1
easportsfifa,1
radiorpa,1
lagalaxy,1
ladepthealth,1
thewanreport,1
prinsciadvgoi,1
griffwitte,1
nasscomhyd,1
launchtn,1
thedemocrats,1
shanghaiist,1
juliettekayyem,1
louraguse,1
wayncharles,1
oxfordmedsci,1
wholefoods,1
slpnggiants,1
rsunak,1
bbcpanorama,1
ewnupdates,1
unicef,1
wsbtv,1
somhalef,1
jocelynkaiser,1
nyachula,1
pijushhazarika,1
mjrowland68,1
thedailybeast,1
tilehdanceking,1
savannahguthrie,1
spacex,1
stigabell,1
lachmi0809,1
bylenasun,1
jflem94,1
lachlanforrow,1
jcdt,1
johnjharwood,1
saysdana,1
sadiqkhan,1
jnorthcottcbc,1
kqednews,1
sonichusa,1
eileenguo,1
theathleticnba,1
briticoyemo,1
crisisuk,1
midyorkshirenhs,1
nasa,1
usambun,1
vijayanpinarayi,1
thekanikakapoor,1
pbcsd,1
mirsnews,1
jacksoncarlaw,1
niaidnews,1
emilymbadger,1
bbcdorset,1
swpporttalbot,1
enca,1
brookebcnn,1
hishammuddinh2o,1
segalink,1
khallareinq,1
huseinmoha,1
nbcwashington,1
garretthaake,1
apostlesuleman,1
magufulijp,1
ishafoundation,1
yabutaleb7,1
jsteinwapo,1
mendelrandom,1
martharaddatz,1
bydarrylfears,1
meidastouch,1
doctorchrisvt,1
ikamalhaasan,1
swpneath,1
sherifink,1
smithdanag,1
covidactnow,1
drpulmo,1
trump,1
juggernautbooks,1
jeffpassan,1
uns,1
wral,1
gofundme,1
jacobmarksf,1
satyendarjain,1
reptomrice,1
nmanigeria,1
sarahleeguthrie,1
oncoalert,1
kprather88,1
malcolmbrodie,1
israelipm,1
stevehartmancbs,1
kierstarmer,1
icsics,1
kaizerchiefs,1
tfl,1
cmoodisha,1
38degrees,1
afcleopards,1
changeorgindia,1
wairimunyinyi,1
kloefflers,1
cpac,1
euromaestro,1
judicialwatch,1
iciradiocanada,1
gujedudept,1
philiprucker,1
benfelderokc,1
umms,1
udayfoundation,1
glendaleaz,1
bbclaurak,1
unfoundation,1
bretthaber,1
elucdinc,1
govandybeshear,1
sarahkeoghan,1
nickiminaj,1
cashapp,1
globebusiness,1
webecodibergamo,1
ericawerner,1
squawkstreet,1
sirdavidkings,1
jumpman23,1
cagovernors,1
samimokbel81dm,1
officegsbrown,1
govgonewild,1
officeofut,1
brookingsgov,1
skynewsaust,1
thomaserdbrink,1
scceng,1
henryfordnews,1
timesnow,1
pypayurved,1
flcaseydesantis,1
timcook,1
lcbriang,1
paigestjohn,1
dailymirror,1
atrupar,1
africafactszone,1
derrickvangenn2,1
quicktake,1
rondesantisfl,1
foxbusiness,1
reinlwapo,1
hussainmanawer,1
newshour,1
nolanentreeo,1
erinallday,1
jljcolorado,1
kateupton,1
annalsofim,1
droz,1
wpri12,1
dverganos,1
schaeferdaniel,1
ciwf,1
johnswinney,1
royalfreenhs,1
phrma,1
bareillytraffic,1
tmarcoh,1
imperialjidea,1
healthybrown,1
signhealth,1
titomboweni,1
youtube,1
pahealthdept,1
10newsfirst,1
cwgc,1
aaronnolannews,1
spectatorusa,1
startalkradio,1
chrisrugaber,1
imbhupendrasinh,1
healthza,1
harbhajansingh,1
carolinelucas,1
leovaradkar,1
brendakleong,1
lagarde,1
sebastianpinera,1
nhsbt,1
cmatacic,1
joecressy,1
ylpundp,1
stpdny,1
ghaziabadpolice,1
drjulieh,1
christian4burys,1
mancity,1
iwgbunion,1
hqnigerianarmy,1
drsangitareddy,1
aasmahmir,1
oneworldlit,1
joelmchale,1
kellyannepolls,1
cmarquezinq,1
ftfdetroit,1
raphbosano,1
karlrove,1
niro60487270,1
furmanmlax,1
gavinwilliamson,1
bbcnewsnight,1
buzzfeednews,1
britishchambers,1
icmrdelhi,1
nbcsports,1
abortionsupport,1
fionawduncans,1
unc,1
bycrystalthomas,1
aiimsnewdelhi,1
cepivaccines,1
nhsbartshealth,1
bbcone,1
nnpcgroup,1
bigbird,1
noiweala,1
kyraphillips,1
prabhuchawla,1
carlavizzotti,1
rodneydavis,1
theage,1
bristolys4c,1
officialsyp,1
dansolomon,1
meaganweiland,1
swpolice,1
econdailycharts,1
metpoliceuk,1
bethreinhard,1
aloksharmardg,1
herime23,1
twitter,1
firstdraftnews,1
afthunderbirds,1
simoneelitv,1
ubagroup,1
matthewoprempeh,1
teamnews24,1
whipclyburn,1
cazjwheeler,1
stellarated,1
detroitpolice,1
jhsphchs,1
theicai,1
nyphospital,1
indiatvnews,1
9newsaus,1
nhscharities,1
sltrib,1
richard49step,1
ukstatsauth,1
whokenya,1
louisvillemayor,1
billleetn,1
newsfromscience,1
infotghn,1
justinbaragona,1
latfoto,1
unitedway,1
albertaucp,1
chaseelliott,1
marylouisemcla1,1
ramsaysky,1
advfulcrum,1
edbookfest,1
sreenivasanjain,1
number10press,1
awongsw1,1
hmoindia,1
tammypetersen87,1
creativefed,1
govnedlamont,1
mayorofla,1
facebookapp,1
repkatieporter,1
garytuchmancnn,1
safoundationn,1
trishgreenhalgh,1
sentedcruz,1
richakedia,1
peterhotez,1
kfaulders,1
aranganathan72,1
ericsyuan,1
globalbiosec,1
makeuk,1
michaelgove,1
heidichung,1
mediaite,1
meredithwadman,1
rcpath,1
sallyches,1
repstephmurphy,1
breitbartnews,1
deanrock14,1
jamespomfret,1
hudge44,1
ljiresearch,1
kansiiimeonesmu2,1
nelsonrussellm,1
rumireports,1
toluogunlesi,1
oooitsplasma,1
rerutled,1
himantabiswa,1
katierazz,1
hp,1
drmarthagulati,1
pizzapilgrims,1
ruggedybaba,1
toofab,1
stephengrootes,1
redbullracing,1
9newsmelb,1
kendricklamar,1
interpreternow,1
profhelenward,1
ogwangogwang,1
jayeshranjan,1
hansnichols,1
a16z,1
columbiagsapp,1
nhshealthedeng,1
chelwestft,1
nascar,1
neunion,1
gcismedia,1
richardhorton1,1
kakumirizi2002,1
fytph,1
televisionjam,1
michelemunz,1
beltel,1
bamainsider,1
drgemgem,1
aasciences,1
rachelweinerwp,1
teapainusa,1
zellecashapppaypal,1
creat1ve,1
pbump,1
billhanage,1
renaultf1team,1
speakerpelosis,1
ladygaga,1
chocellabrixham,1
philippullman,1
lindamcmahon,1
hispaniccaucus,1
phdbalance,1
fluffymisskitty,1
emilyrosefinn,1
globalnews,1
yogrishiramdev,1
yaleemd,1
wincathedral,1
oxexppsy,1
govkaduna,1
virsanghvi,1
joerogans,1
diamondandsilk,1
usc,1
maddow,1
lindahnabusayi,1
floridahousing,1
amnesty,1
promisscot,1
bloombergdotorg,1
localitynews,1
drkathrynmannix,1
govpritzker,1
nationwideradio,1
mclarenf1,1
kemrikenya,1
gantzbe,1
fireisland,1
petercoy,1
juliamichaels,1
aminukanoth,1
todayshow,1
vwang3,1
theathleticuk,1
statsmin,1
mercedesamgf1,1
akilidada,1
jacobbigio,1
ptvnewsofficial,1
arimoin,1
stevebarclay,1
eilperin,1
mubangizi1995,1
thetimesscot,1
mysa,1
iheartradio,1
trentaa98,1
macrelstuds,1
iingwen,1
yahoofinance,1
themrc,1
radiichina,1
rickiefowler,1
fmwales,1
insidelacrosse,1
sarahnev,1
drmattmccarthy,1
legalaidnyc,1
naturenews,1
skysports,1
kenyasrhr,1
protectwldlife,1
cwhittakermp,1
sabcnews,1
kissfoundation,1
utaustin,1
foodbankscanada,1
uksciencechief,1
repaoc,1
redsarah99,1
cfl,1
ftiafoe,1
benprotess,1
dougcameron51,1
saracarterdc,1
isaric1,1
marklevinshow,1
janetmuseveni,1
senmarkeys,1
archhousing,1
7newsbrisbane,1
scotsmanarts,1
mnfreedomfund,1
kmanlupiginq,1
jamiewdwright,1
someshjha7,1
dygalvezinq,1
tnlcomfund,1
socceraid,1
lawtontimes,1
wionews,1
gladysb,1
la,1
kategarraway,1
metrouk,1
houseofcommons,1
globedebate,1
malaysiamfa,1
barackobama,1
nationalguard,1
mayorsforagi,1
mvslive,1
educationfls,1
vanjones68,1
angelmovido,1
ashokchavaninc,1
durhamuni,1
goldmansachs,1
gloworld,1
crwatson,1
scoopercooper,1
jonertweetss,1
newsraghav,1
mdpublicschools,1
arraperezdzmm,1
canadianforces,1
theellenshow,1
ibmscience,1
mattwalshblog,1
ingrahamangles,1
dangerusswilson,1
floridadbpr,1
delhipolice,1
shawnmendes,1
ameliagentleman,1
haasf1team,1
safridiofficial,1
hebobiwine,1
governortomwolf,1
townofcanmore,1
vindog56,1
unsw,1
katiehonan,1
latimesopinion,1
sanjaynagral,1
britisharmy,1
joshakinyemi,1
charliecooper8,1
drsjaishankar,1
iamhemantshinde,1
steveschmidtses,1
ettelecom,1
freep,1
bashirahmaad,1
tv3ghana,1
therickwilson,1
sundayfutures,1
amrefkenya,1
senschumer,1
posteverything,1
brianstelter,1
martinlipton,1
johnshopkinssph,1
salehamohsin,1
kaguilarinq,1
jimfieldsmith,1
drbobhariri,1
davidlammy,1
jshkatz,1
sciencecohen,1
drrpnishank,1
aapnews,1
jdiamond1,1
slate,1
adriandix,1
nbmenow,1
lifebanknigeria,1
outsidemagazine,1
senmarkey,1
nhs24,1
foreignaffairs,1
chrisgpackham,1
officialgaa,1
abbydphillip,1
dispatchdds,1
impossiblebrief,1
edyong209,1
cbs,1
wadepthealth,1
ftopinion,1
cityofboston,1
johnarash2345,1
netanyahu,1
keirstarmers,1
chesterzoo,1
nbcout,1
kristinesabillo,1
gwbps,1
skybetchamp,1
davidspeers,1
mjtildesley,1
usainksa,1
208nigeria,1
premnathv6,1
isidorg,1
christophclarey,1
13pt,1
fan590,1
mazzucatom,1
officialnairam1,1
richardaepstein,1
foundersfund,1
aliciap,1
variety,1
kocomcaboy,1
mayoclinic,1
aldersgategroup,1
conorgallagher,1
repmaxinewaters,1
housengr,1
amrefworldwide,1
mybmccoastalrd,1
mibindia,1
gmbs,1
anasglobal,1
officialfcta,1
henrysward,1
elnec1,1
nsitharaman,1
murtazasolangi,1
nethahussain,1
devex,1
thedailyshow,1
rapsheet,1
saferneathpt,1
govcanhealth,1
official4sytetv,1
abpasmitatv,1
adamcancryn,1
officialpdpnig,1
jack,1
health24com,1
tv9telugu,1
virginmedianews,1
nickmmark,1
mrandyngo,1
gideoncrozner,1
nectargan,1
hholdenthorp,1
rbchnhs,1
dcislamabad,1
tombrady,1
dgauruder,1
stockx,1
drmikewgill,1
billboard,1
danaparish,1
furmanu,1
forbessports,1
khameneiir,1
katrinapierson,1
stefsimanowitz,1
tv9gujarati,1
wsjopinion,1
deutschebank,1
reillyopelka,1
jimtankersley,1
irishtimes,1
hysea1991,1
carinhagberg,1
uiowa,1
laurapdavison,1
janssenglobal,1
albertonardelli,1
thefsmb,1
bbcworld,1
cbctelevision,1
cbckidsnews,1
ishitabhatiatoi,1
howwefeel,1
officialefcc,1
stevenberry,1
humanityforward,1
gnev2,1
djohnsonpga,1
kenpaxtontx,1
dupleader,1
instagram,1
channel9,1
bioscienceaytu,1
matthewherper,1
hawleymos,1
msfusa,1
eleanoraingeroy,1
cntr4growth,1
thekhrc,1
ahmedabadmirror,1
priyankathiru,1
nusrat61,1
jburnmurdoch,1
laurakhughes,1
usfhealth,1
interpolhq,1
thesamsorboshow,1
columeastwood,1
cyberabadpolice,1
harvardchansph,1
citywestminster,1
tomchadwick7,1
firstdallas,1
foxandfriends,1
labourminng,1
maheemahesh25,1
symonedsanders,1
aaronrichterman,1
gioninoso,1
rollcall,1
timmurtaugh,1
theterminal,1
xpresskerala,1
bleeforcongress,1
asadowaisi,1
btstwt,1
womensaidorg,1
replouiegohmert,1
cbsthismorning,1
ashiindiatoday,1
mrgopal,1
gallup,1
ltgovdelhi,1
reptomreed,1
hellentusuubira,1
tatacompanies,1
adavidhalejoint,1
ukgbc,1
xolimngambi,1
cingrahams,1
wearethemu,1
thehindu,1
wusa9,1
miguelmarquez,1
secazar,1
briankempga,1
martinvizcarrac,1
chikwei,1
dphmashton,1
rgilliescanada,1
yougov,1
trumpwarroom,1
adamschefter,1
skynewssam,1
7newsaustralia,1
rishisunaks,1
jendeben,1
robertmanodzmm,1
marcorubio,1
drlizzysuleman,1
nickcalvert9,1
henrymcmaster,1
theheraldsun,1
jonsnowc4,1
cillizzacnn,1
derekwillis,1
cafreeland,1
derekdraper,1
secretarylevine,1
dmgbnagar,1
kevinmaguire,1
thescotsman,1
cward1e,1
ambcuitiankai,1
scrippsresearch,1
usdafsa,1
edinburghuni,1
alsisiofficial,1
ramboreports,1
cnbcmakeit,1
primevideo,1
citybrampton,1
corybooker,1
bfi,1
americafirstpac,1
lauriemcginley2,1
hectoravasquez,1
piersmorgans,1
tprnews,1
deakin,1
thecarereview,1
didoharding,1
jpnadda,1
matthewwolff5,1
seyiamakinde,1
brynntannehill,1
cnagpaul,1
carhartt,1
philmickelson,1
eriellereshef,1
sziks,1
nzun,1
republic,1
ryanmeili,1
rafbrizenorton,1
postopinions,1
albertsamaha,1
alexnbcnews,1
peterstefanovic,1
usatodayopinion,1
fox2news,1
unwomen,1
cnoengland,1
csdickey,1
gujuni1949,1
ericzorn,1
americanair,1
britishairways,1
jonathanvswans,1
senatorbraun,1
tinaarceodumlao,1
icaicma,1
twittermoments,1
timeslive,1
balachundhar,1
ikramshahrul,1
akhbar,1
messenger,1
cagovernor,1
faucifan,1
kasie,1
tabletmag,1
telus,1
governmentza,1
danaspinant,1
ashwinikchoubey,1
jennpellegrino,1
safoodbank,1
abc15,1
harariyuval,1
mattgelb,1
paulaforbes,1
potuss,1
julianknight15,1
tigerwoods,1
eaterdetroit,1
mskini,1
lovedaym,1
lawrence,1
coachedorgeron,1
rowesantos,1
prayutofficial,1
radiopakistan,1
torilongdon,1
outkick,1
tseries,1
iigccnews,1
bfmtv,1
pinchepi,1
livuni,1
femas,1
liampayne,1
jacquilambie,1
maristpollnbcnewyork,1
ny1,1
ambaloni,1
ugcindia,1
telanganadgp,1
porscheraces,1
dancgoldberg,1
pramilajayapal,1
abc7,1
morningsmaria,1
nzungva,1
disrnnews,1
macklemore,1
kunc,1
stephenfarrymp,1
ivanokuda,1
fox411,1
sptirupathur,1
dailyreport,1
ourda,1
mls,1
rachelstaunton,1
zhandercayabyab,1
akisawandera,1
suhaunah,1
mrcoutbreak,1
nanwhaley,1
msdhoni,1
senkokopimentel,1
aslavitt,1
cchoirat,1
bitc,1
okaytobesmart,1
sundaytimesza,1
shippersunbound,1
jpm25,1
rabrowne75,1
jagsinghmd,1
carolecadwalla,1
bopinion,1
jypetwice,1
nhendren82,1
cfigueres,1
vanderbiltu,1
melindagates,1
sadhgurujv,1
donaldtrump,1
arimelber,1
drfullertonmpp,1
leonhendrix,1
glblctzns,1
kilimoke,1
applepodcasts,1
kilmeade,1
realdonaldtrumpwho,1
bellacanvasla,1
jesserogersespn,1
bristimtom,1
uktheatre,1
afneil,1
fordfund,1
profbriancox,1
ihrithik,1
martywalsh,1
michelleobama,1
kevinq,1
scottmorrisonmp,1
senblumenthal,1
pradipsinhguj,1
rachakondacop,1
onedirection,1
bloomfieldstan,1
matthewkawahara,1
ncaa,1
united,1
mrcieu,1
australianlabor,1
navigatorsurvey,1
sxbegle,1
911corlebra777,1
senatemajldrs,1
cmodelhi,1
cnntonight,1
janklownesbit,1
annafifield,1
mgmadvertiser,1
idsainfo,1
abnermercado,1
davidgshortell,1
tes,1
gretchenvogel1,1
jpsaxe,1
kens5,1
ford,1
jhusystems,1
whouniceflancet,1
drphilippaw,1
thshbirmingham,1
gyamey,1
stephaniemlee,1
jenniestaer,1
matthabusby,1
abscbnnews,1
srbachchan,1
soflafair,1
nationalpost,1
rabsaa,1
wwj950,1
inquirerbiz,1
nra,1
chandnahimani,1
imperialcolleges,1
derpoldroneunit,1
timesofindia,1
kloeffler,1
i24newsen,1
hjsorg,1
yourrightscamp,1
rachaelmoses,1
knsmoh,1
mollyjongfast,1
mikebloomberg,1
academicchatter,1
salon,1
drkevinschwartz,1
swin24,1
cbckids,1
profbriankalt,1
telanganacmo,1
pdrmsia,1
benarasiyaa,1
cbchh,1
issarae,1
sflecce,1
jaccjournals,1
ericgarland,1
richardengel,1
tonygoldwyn,1
catawbacounty,1
hivtox,1
garethjgriffith,1
kristinoem,1
tinaaguayotv,1
loonatheworld,1
womenfacultymd,1
scottishautism,1
campbellclaret,1
oregongovbrown,1
newzroom405,1
juliacraven,1
asharangappa,1
mantaichow,1
sb19official,1
annecurtissmith,1
ons,1
kfile,1
officialbhafc,1
blythemasters,1
lapdhq,1
jacobreesmogg,1
foxnikkifox,1
woodtvs,1
senatorburr,1
gguvamatanga,1
bgtennisnation,1
johnisner,1
rashousmane,1
iamrahulkanal,1
valeriejarrett,1
nytupshot,1
karascannell,1
sundaydaresd,1
taylorfritz97,1
boniver,1
secgenescalia,1
emmanuelmorgan,1
pih,1
nemakenya,1
bronxzoo,1
cdcdirector,1
andrewprobyn,1
andy,1
webmscientists,1
konkrumah,1
cia,1
drharshvardhan,1
mojgovuk,1
ciara,1
nascartrucks,1
lafc,1
dhswolf,1
yougovustheeconomist,1
mpjeffries,1
flotus,1
govholcomb,1
asliuk,1
guybensonshow,1
presssec,1
tortoise,1
denisedslu,1
houstonchron,1
rvsmtown,1
sciencemagazine,1
danpatrick,1
senatedems,1
paulroyall,1
senkamalaharris,1
mbchinoleyco,1
uvriug,1
barda,1
gtuoffice,1
agotisidro,1
andrewyang,1
inechepurenko,1
priyankac19,1
babylifeline,1
prometricglobal,1
youngscot,1
raedhaydar98,1
normaburke,1
ryanblethen,1
swedishpm,1
mfatnz,1
sarahknapton,1
westmidhospital,1
theusmle,1
julienbcnews,1
amymcgrathky,1
ganjarpranowo,1
orangecofl,1
smh,1
patrickmcenroe,1
liberalparty,1
sharylattkisson,1
janedutton,1
lindsemcpherson,1
pushpanarayan,1
projectmuse,1
benjaminchapman,1
mountsinainyc,1
samleesong,1
nadhimzahawi,1
nytimesatwar,1
joycemurray,1
fsbpolicy,1
mikegarcia2020,1
nicchik90,1
cihhousing,1
replizcheney,1
ltgovgilchrist,1
ernestofaraujo,1
ahmednasirlaw,1
harveyweinstein,1
bmjlatest,1
thesocialinvest,1
gfrdofficial,1
bettybowers,1
mikenavallo,1
iamrapaport,1
australian,1
dhsgov,1
piyushgoyal,1
covidready,1
maracepeda,1
rcmpgrcpolice,1
alexsapienza,1
secretarycarson,1
charlixcx,1
mtosterholm,1
parkboard,1
patrickbrownont,1
mbalulafikile,1
claudiamcleg,1
cityofdetroit,1
wasilewskaeu,1
excellondon,1
bankofcanada,1
callofduty,1
ambassadorrices,1
stadium,1
lyceumtheatre,1
leanneebrown,1
unbiodiversity,1
pubpeer,1
kerpenpeter,1
zoesam93,1
sudanpmhamdok,1
thebma,1
timspector,1
bbcpolitics,1
govumarganduje,1
helentbbcs,1
pnasnews,1
donotpaylaw,1
jeremyherb,1
vijayabaskarofl,1
deptofdefense,1
fourthwatch,1
lordsugar,1
nicoleperlroth,1
talkradio,1
bbcferguswalsh,1
drnoorazmi,1
gregtorode,1
planetmoney,1
tompelissero,1
xfinity,1
elisedunweber,1
edvaizey,1
benniegthompson,1
jasonfelix,1
jilliandempster,1
blackrock,1
mikedewine,1
alexandriaw,1
wehcscientists,1
sarahwollaston,1
thejusticedept,1
danielnmiller,1
tonyfergusonxt,1
justinsuntron,1
airnewsalerts,1
govwhitmers,1
conservatives,1
unswmedicine,1
maggienyt,1
atorosofficial,1
sciencevisuals,1
emilymshields,1
thr,1
applesupport,1
yaranwatan,1
chefjoseandres,1
rdashnhs,1
gretathunberg,1
williamsracing,1
aaeminfo,1
marossefcovic,1
gaslitnation,1
giuseppeconteit,1
cmokerala,1
safespeak,1
hudsoninstitute,1
pearljam,1
danabashcnn,1
lukelbarr,1
andrewcuomo,1
boback,1
newstatesman,1
rameshmashelkar,1
latikambourke,1
karusiprovince,1
evalgpf,1
uppolice,1
stevenmnuchin1,1
johnshopkinsepi,1
ahauslohner,1
johnkass,1
drjoehanson,1
countdankulatv,1
aprildryan,1
unicefuk,1
edinburgh,1
porschenaracing,1
laurentdtardif,1
jyotik,1
btindia,1
govofco,1
flyeia,1
ttindia,1
shearm,1
maellensirleaf,1
vanparkgm,1
valeriestrauss,1
ameenex,1
suellabraverman,1
laoneill111,1
cbitweets,1
iithyderabad,1
astrazeneca,1
alibabagroup,1
gcaw,1
doughanks,1
seattleflustudy,1
lisalshumaker,1
mactxpress,1
911lapd,1
davidornstein,1
thekeralapolice,1
commonstreasury,1
ianpaynesport,1
alexismadrigal,1
mahagovernor,1
zartajgulwazir,1
reyaika,1
hmokunola1,1
oxpsychiatry,1
mvankerkhove,1
secretaryross,1
preetkgillmp,1
fortunemagazine,1
melissadderosa,1
alexberenson,1
nycyouth,1
cmyeaton,1
youyanggu,1
astiksinha,1
michaelstepner,1
aimhuk,1
peopledailyke,1
kennedystewart,1
senatorsinema,1
nickkristof,1
efl,1
jennfranconews,1
louistomlinson,1
drewgriffincnn,1
ekohotels,1
usmc,1
imrankhanpti,1
whordblueprint,1
fujikyunow,1
nihrresearch,1
sebastianepayne,1
jackma,1
kickstarter,1
annastaciamp,1
mekkiabdellatif,1
ocflmayor,1
docjohnwright,1
unfccc,1
lshtm,1
scotgovfm,1
michaelsteel,1
youthlinkscot,1
donatopmancini,1
zlj517,1
kanostateng,1
hydcitypolice,1
lsu,1
kaitlancollins,1
angiesadeghi,1
dougducey,1
ckubenbc,1
natassiazc,1
profilebooks,1
boulwaredr,1
prabhashrinkoo,1
parscale,1
peterduttonmp,1
peterdaszak,1
brithume,1
enews,1
nserccrsng,1
meatinstitute,1
imrankhan,1
daktari1,1
thejeremyvine,1
govparsonmo,1
mariachin,1
rwakakamba,1
sensanders,1
setuaarogya,1
thefamilycoach,1
mcten,1
cjdinenage,1
morningireland,1
animaladvocate,1
nadiasussman,1
kwelkernbc,1
hetimipresylva,1
wfp,1
unidohappiness,1
abdaniellesmith,1
ktrtrs,1
iflymia,1
andrewlamingmp,1
curlyjunglejake,1
peoplebiz,1
fdny,1
sbsnews,1
ianesguerra,1
citylittlerocks,1
openuniversity,1
carolineylchen,1
costco,1
jcouzin,1
officialapcng,1
bidmchealth,1
emsteck,1
gbengaomo,1
kelinkenya,1
doubledownnews,1
cbsdenver,1
amdavadamc,1
abikardr,1
latestchika,1
scsccyberabad,1
dorsetecho,1
ayannapressley,1
gehealthcare,1
drcohio,1
hamsonobua,1
officialdlive,1
govabbotts,1
premiumtimesng,1
lapublichealth,1
bgea,1
cmramosinq,1
albomp,1
fmohnigeria,1
themohwgovjm,1
parkland,1
modernatx,1
felicis,1
wbhm,1
bbciplayer,1
ameshaa,1
govricketts,1
pravintalan,1
theiod,1
repdlesko,1
abebrown716,1
lsrplaid,1
univofgh,1
humanrightsctte,1
cellcellpress,1
asadumar,1
ronanglynn,1
tomorsborn,1
poolehospital,1
christopherhope,1
ubeleinitiative,1
eitc,1
stephennolan,1
lizsly,1
gavi,1
shaileshnbt,1
laurenleatherby,1
ukdeafcouncil,1
ericschmittnyt,1
goodsamapp,1
andybounds,1
drcarachrist,1
nfergus,1
tennessean,1
alandukenews,1
cybtraffic,1
jovicyeeinq,1
wolfgangfeist,1
gsfopentexas,1
i40publishing,1
whca,1
evalyouth,1
mohfwindia,1
dbtindia,1
ncasenmare,1
petrakhoury,1
uhdbtrust,1
sirdavidking,1
brookingsinst,1
fortishospital,1
mieknathshinde,1
ilhan,1
hbo,1
cmoguj,1
racingpointf1,1
sambitswaraj,1
7newscq,1
liamfox,1
amyklobuchar,1
amazon,1
sarkodie,1
staplescanada,1
aceh,1
vppresssec,1
natashaldaly,1
google,1
cdphe,1
davido,1
imsa,1
evandrellich,1
imperialcollege,1
solomonyue,1
fareedzakaria,1
charliebakerma,1
therealboon,1
sopharela,1
mittromney,1
sidharthshukla,1
bournemouthecho,1
icmrniv,1
ralphnortham,1
jaydostal,1
rcsiirl,1
ucsfhospitals,1
publiccitizen,1
detroitnews,1
thedsd,1
emmersbrown,1
nettadoc,1
dohgovph,1
sandygrains,1
uarizonapres,1
billoreilly,1
sloumarsh,1
inamitchellfilm,1
robertmuhangi2,1
nfaalmos,1
ingrahamangle,1
mkkyari,1
ndarsa,1
mitchofarrell,1
vaushv,1
connorobriennh,1
applemusic,1
judywoodruff,1
jeffdsachs,1
patskarvelas,1
hsjnews,1
farooqpm,1
jmbooyah,1
robrobbedwards,1
canadianpm,1
douglaskmurray,1
nyulangone,1
annamphillips,1
pauljoyce,1
kellyo,1
leighsales,1
nanjala1,1
joelachenbach,1
thecw,1
nydailynews,1
raffsantos,1
xandvt,1
franktumwebazek,1
harvard,1
leilasinq,1
johncornyn,0
samjawed65,0
strickdc,0
vicosotto,0
thehill,0
stephenfry,0
kayleighmcenany,0
gtconway3d,0
cesc4official,0
joshdisbrow,0
tedbarrettcnn,0
iamcardib,0
anilgalgalirti,0
turnio,0
nfl,0
fox13,0
erinbanco,0
michabpholloway,0
govsisolak,0
tucsonromero,0
facebook,0
elonmusk,0
mikerowe,0
usaid,0
jackiebmsp,0
nakashimae,0
amjoyshow,0
policescotland,0
llerer,0
iitkanpur,0
govmikehuckabee,0
modernatxs,0
jaredpolis,0
benshapiros,0
mirjordan,0
elainaplott,0
telegraphnews,0
gm,0
seatgeek,0
judiciarygop,0
sbagov,0
colbyitkowitz,0
6ix9ine,0
dotrph,0
goldbug40,0
stubhub,0
orlandopirates,0
kannoyoungs,0
ericgarcetti,0
nhknews,0
donmartinctv,0
gaytimesmag,0
nabj,0
mzanona,0
mpinoe,0
aminlaschet,0
greta,0
wdcouncil,0
usambpoland,0
1soyeonryu,0
naturaandco,0
kadiagoba,0
sangernyt,0
votegriffin,0
officialsdmc,0
mudhens,0
ltgovjoshgreen,0
shahidsiddiqui,0
govraimondo,0
samaugustdean,0
bgittleson,0
nussenzweigl,0
rafaelbernal,0
gtbynum,0
icegov,0
reutersipsos,0
ofstednews,0
nickmiroff,0
charliekirk11,0
dbongino,0
jenniferjjacobs,0
cbeebieshq,0
massgovernor,0
akon,0
davidfholt,0
label1tv,0
parliamentug,0
esperdod,0
cacovidng,0
ucpcaucus,0
govstitt,0
joebidens,0
jxhnbinder,0
evangelistkemi,0
usps,0
attackerman,0
mccrcg,0
sabithaindratrs,0
starwars,0
repgosar,0
ericbeachgop,0
osmaniaofficial,0
theconwom,0
kpsanfrancisco,0
jimsciutto,0
kthomasdc,0
lmower3,0
bdkoz,0
jeanmicheljarre,0
mackysall,0
councilmanjames,0
costareports,0
avonworldwide,0
datagraver,0
emmabirchley,0
tsedudept,0
pgatour,0
forecasterenten,0
dcexaminer,0
amakaekwo,0
nj30dayfund,0
lawrencebjones3,0
abedelman,0
jarrettbell,0
reedgalen,0
govlarryhogan,0
uddhavthackeray,0
petsmart,0
navinmittal,0
bjp4india,0
jeffmason1,0
captaintommoore,0
wflajb,0
sbg1,0
newsbusters,0
fdrlst,0
bbcscotnine,0
mpowerminds,0
thejusticedepts,0
dzbb,0
eablitz,0
gopleader,0
martinjdocherty,0
annewill,0
gregpmiller,0
nhstaysideceo,0
billieeilish,0
bbcr1s,0
ariannemerez,0
hadizel,0
vicecanada,0
ncorralesinq,0
nhsenglandldn,0
nddconline,0
rexhuppke,0
jairbolsonaro,0
toitelangana,0
niallofficial,0
hassanrouhani,0
davidjurban,0
rocketloans,0
nicolejames,0
janicedean,0
aesopskincare,0
usembrupress,0
brenebrown,0
voguemagazine,0
tuimss,0
bhupeshbaghel,0
statesman,0
hawleymo,0
buccaneers,0
fredthegodson,0
nitingadkari,0
andrewfeinstein,0
jkenney,0
gavinnewsoms,0
housedemocrats,0
petehegseth,0
publicintegrity,0
dettolindia,0
atlassian,0
deepikasingh150,0
nwvumft,0
roisiningle,0
newscomauhq,0
walibiholland,0
jenisicecreams,0
benshapiro,0
brunomars,0
nanhayworth,0
solidfooting,0
govkristinoem,0
linmanuel,0
be0ptimusfirehousestrat,0
prioritiesusa,0
citypress,0
paulareidcbs,0
facethenation,0
lewhyte,0
robertjeffress,0
iancruz,0
samcoatessky,0
mazinnamdikanu,0
s10bird,0
mrjamesob,0
sundayindy,0
ofcom,0
statehousekenya,0
educationgovuk,0
chronicleherald,0
gstephanopoulos,0
douthatnyt,0
eugenejarecki,0
nabjsports,0
royals,0
bsybjp,0
lancegooden,0
cnnpr,0
cnnsotu,0
wipro,0
samvinograd,0
zachary,0
lauraolias,0
itscaitlinhd,0
bdlivesa,0
chhattisgarhcmo,0
joeykrug,0
bowenchris,0
rafalab,0
marquardta,0
venessawong,0
doctoroxford,0
peterwehner,0
senjudiciary,0
dbeekman,0
mariannanbcnews,0
savechildrenng,0
ryanair,0
stillwaterwill,0
piaranada,0
hillelneuer,0
heatherscope,0
bbccin,0
rudygiuliani,0
tommorris32,0
lfc,0
blessinbackpack,0
maevereston,0
jacquemanabat,0
geraldorivera,0
jomunji,0
profosinbajo,0
sinow,0
devinnunes,0
nhsmillion,0
wcdcggov,0
neilbedi,0
randikayecnn,0
albamonica,0
ac360,0
jrubinblogger,0
crainsdetroit,0
saurabhtop,0
voxdotcom,0
cmkahn,0
karltowns,0
trtworld,0
russellberman,0
ulhospitals,0
michaelcrows,0
comicrelief,0
henryolseneppc,0
thejasonhopkins,0
cyrilramaphosas,0
carlbeck,0
cityattorneyla,0
matthewstadlen,0
jonheyman,0
sarahnferris,0
nosycrow,0
scbriand,0
wythsalt,0
foofighters,0
tiffanydcross,0
njcaa,0
phonepe,0
jeffcanoy,0
spotify,0
billdeblasio,0
toicitiesnews,0
mayordangelber,0
craigmish,0
lennycurry,0
dancrenshawtx,0
worksafeca,0
griffin,0
brandyzadrozny,0
nicolledwallace,0
davidmackau,0
kgeorgieva,0
repdancrenshaw,0
ridgeonsunday,0
senmcsallyaz,0
myvocsn,0
nancyayoussef,0
cagop,0
jposnanski,0
enterprisefl,0
jennagiesta,0
alexazura,0
myogiadityanath,0
chakmakcg,0
nytdenisegrady,0
koreangolfnews,0
mlbplayers,0
peteratlantic,0
ridersalliance,0
nrcc,0
shaunlintern,0
realdonaldtrumpwhen,0
viagogo,0
miryanasy,0
globacomlimited,0
thelallantop,0
presidencerdc,0
nhstayside,0
scrollin,0
muhyiddinyassin,0
oregonian,0
standamericanow,0
brooksnewmark,0
musichealthall,0
dta,0
edmarkey,0
mlb,0
sarahwaltonnews,0
t2tupasinq,0
cobarnes27,0
iraheatbeat,0
repandybiggsaz,0
natwolfe94,0
vijayrupanibjp,0
usforthemuk,0
repgrothman,0
seattletimes,0
bjorkmanlab,0
ryanbrooks,0
nygovcuomos,0
josephmorong,0
bretbaier,0
