realdonaldtrump,72
realdonaldtrumps,8
presssec,8
politicususa,6
govrondesantis,6
dailycaller,5
potus,5
nbcnews,4
msnbc,4
nytimes,4
thejasonhopkins,4
thehill,3
amitshah,3
abc,3
cyrilramaphosa,3
wsj,3
breitbartnews,3
maddow,3
matthancock,3
fema,3
seanhannity,3
cnn,3
gop,3
be0ptimusfirehousestrat,3
mikepence,3
secretarycarson,3
un,3
samjawed65,2
kayleighmcenany,2
cnbc,2
randpaul,2
projectlincoln,2
thedailybeast,2
arvindkejriwal,2
whos,2
usatoday,2
hrdministry,2
who,2
acosta,2
narendramodi,2
thecableng,2
rondesantisfl,2
covid19,2
youtube,2
ericgarcetti,2
buzzfeednews,2
dbongino,2
ladygaga,2
yogrishiramdev,2
govpritzker,2
vp,2
speakerpelosi,2
morningjoe,2
drrpnishank,2
sbg1,2
gopleader,2
borisjohnson,2
jdawsey1,2
ilhanmn,2
senatemajldr,2
gavinnewsoms,2
housedemocrats,2
benshapiro,2
paulareidcbs,2
chronicleherald,2
arimelber,2
ons,2
rafalab,2
theatlantic,2
mbuhari,2
russellberman,2
rishisunak,2
floridachannel,2
nicolledwallace,2
dougducey,2
myogiadityanath,2
,1
johncornyn,1
bisouthafrica,1
strickdc,1
vicosotto,1
stephenfry,1
gtconway3d,1
apple,1
cesc4official,1
unicef,1
joshdisbrow,1
sriramulubjp,1
tedbarrettcnn,1
iamcardib,1
johnjharwood,1
stcollinson,1
anilgalgalirti,1
turnio,1
nhsuk,1
nfl,1
fox13,1
erinbanco,1
michabpholloway,1
govsisolak,1
tucsonromero,1
facebook,1
elonmusk,1
mikerowe,1
mbuharis,1
usaid,1
magufulijp,1
justintrudeau,1
jackiebmsp,1
meidastouch,1
nakashimae,1
amjoyshow,1
policescotland,1
llerer,1
iitkanpur,1
euromaestro,1
govmikehuckabee,1
judicialwatch,1
philiprucker,1
modernatxs,1
jaredpolis,1
scotgov,1
benshapiros,1
officeofut,1
mirjordan,1
foxnews,1
ncdcgov,1
elainaplott,1
telegraphnews,1
gm,1
flcaseydesantis,1
seatgeek,1
timcook,1
judiciarygop,1
dailymirror,1
sbagov,1
colbyitkowitz,1
foxbusiness,1
shamscharania,1
6ix9ine,1
dotrph,1
goldbug40,1
stubhub,1
orlandopirates,1
politico,1
spectatorusa,1
kannoyoungs,1
nhknews,1
donmartinctv,1
torontostar,1
gaytimesmag,1
nabj,1
mzanona,1
mpinoe,1
whitehouse,1
aminlaschet,1
greta,1
wdcouncil,1
nhsengland,1
cnnopinion,1
karlrove,1
bbcnewsnight,1
usambpoland,1
1soyeonryu,1
naturaandco,1
kadiagoba,1
sangernyt,1
votegriffin,1
officialsdmc,1
twitter,1
mudhens,1
firstdraftnews,1
ltgovjoshgreen,1
shahidsiddiqui,1
govraimondo,1
samaugustdean,1
bgittleson,1
nussenzweigl,1
rafaelbernal,1
gtbynum,1
icegov,1
lindseygrahamsc,1
reutersipsos,1
govnedlamont,1
ofstednews,1
nickmiroff,1
gavinnewsom,1
charliekirk11,1
michaelgove,1
jenniferjjacobs,1
cbeebieshq,1
massgovernor,1
akon,1
toofab,1
davidfholt,1
label1tv,1
parliamentug,1
esperdod,1
cacovidng,1
ucpcaucus,1
govstitt,1
joebidens,1
gmanews,1
jxhnbinder,1
evangelistkemi,1
usps,1
attackerman,1
mccrcg,1
todayshow,1
sabithaindratrs,1
starwars,1
asu,1
repgosar,1
ericbeachgop,1
legalaidnyc,1
osmaniaofficial,1
theconwom,1
kpsanfrancisco,1
hselive,1
utaustin,1
repaoc,1
jimsciutto,1
saracarterdc,1
kthomasdc,1
lmower3,1
bdkoz,1
jeanmicheljarre,1
mackysall,1
councilmanjames,1
costareports,1
avonworldwide,1
indianexpress,1
datagraver,1
emmabirchley,1
tsedudept,1
pgatour,1
forecasterenten,1
dcexaminer,1
amakaekwo,1
nj30dayfund,1
freep,1
lawrencebjones3,1
abedelman,1
senschumer,1
jarrettbell,1
brianstelter,1
reedgalen,1
govlarryhogan,1
uddhavthackeray,1
petsmart,1
sciencecohen,1
navinmittal,1
slate,1
bjp4india,1
thespybrief,1
jeffmason1,1
edyong209,1
captaintommoore,1
wflajb,1
bbctwo,1
newsbusters,1
nsitharaman,1
fdrlst,1
bbcscotnine,1
mpowerminds,1
thejusticedepts,1
drtedros,1
dzbb,1
eablitz,1
tombrady,1
martinjdocherty,1
mailonline,1
annewill,1
gregpmiller,1
tesla,1
nhstaysideceo,1
billieeilish,1
bbcr1s,1
ariannemerez,1
dradhambaba,1
hadizel,1
vicecanada,1
ncorralesinq,1
huffpostpol,1
nhsenglandldn,1
nddconline,1
cdcgov,1
rexhuppke,1
jairbolsonaro,1
bbcnews,1
timmurtaugh,1
kagutamuseveni,1
cmomaharashtra,1
globeandmail,1
toitelangana,1
niallofficial,1
hassanrouhani,1
davidjurban,1
rocketloans,1
nicolejames,1
janicedean,1
aesopskincare,1
secazar,1
usembrupress,1
brenebrown,1
voguemagazine,1
tedcruz,1
tuimss,1
bhupeshbaghel,1
stevescalise,1
theheraldsun,1
statesman,1
hawleymo,1
cillizzacnn,1
buccaneers,1
fredthegodson,1
nitingadkari,1
andrewfeinstein,1
jkenney,1
hectoravasquez,1
petehegseth,1
jpnadda,1
publicintegrity,1
ewarren,1
usatodayopinion,1
britishairways,1
dettolindia,1
atlassian,1
deepikasingh150,1
nwvumft,1
roisiningle,1
cagovernor,1
newscomauhq,1
jennpellegrino,1
walibiholland,1
jenisicecreams,1
brunomars,1
lawrence,1
nanhayworth,1
solidfooting,1
nigeriagov,1
govkristinoem,1
linmanuel,1
prioritiesusa,1
ny1,1
citypress,1
morningsmaria,1
facethenation,1
lewhyte,1
robertjeffress,1
iancruz,1
samcoatessky,1
mazinnamdikanu,1
s10bird,1
mrjamesob,1
ashleyrparker,1
sundayindy,1
ofcom,1
statehousekenya,1
educationgovuk,1
washtimes,1
elrufai,1
usfda,1
bopinion,1
gstephanopoulos,1
douthatnyt,1
npr,1
borisjohnsons,1
eugenejarecki,1
nabjsports,1
royals,1
bsybjp,1
lancegooden,1
cnnpr,1
scottmorrisonmp,1
joebiden,1
cnnsotu,1
wipro,1
samvinograd,1
secpompeo,1
zachary,1
srbachchan,1
lauraolias,1
itscaitlinhd,1
salon,1
ap,1
bdlivesa,1
chhattisgarhcmo,1
sb19official,1
joeykrug,1
senatorburr,1
bowenchris,1
marquardta,1
venessawong,1
doctoroxford,1
peterwehner,1
senjudiciary,1
dbeekman,1
mariannanbcnews,1
savechildrenng,1
ryanair,1
dhswolf,1
stillwaterwill,1
piaranada,1
hillelneuer,1
houstonchron,1
sciencemagazine,1
heatherscope,1
bbccin,1
rudygiuliani,1
drsanjaygupta,1
tommorris32,1
lfc,1
blessinbackpack,1
maevereston,1
jacquemanabat,1
geraldorivera,1
jomunji,1
profosinbajo,1
sinow,1
devinnunes,1
nhsmillion,1
maracepeda,1
wcdcggov,1
neilbedi,1
randikayecnn,1
albamonica,1
ac360,1
jrubinblogger,1
crainsdetroit,1
saurabhtop,1
voxdotcom,1
cmkahn,1
karltowns,1
trtworld,1
ulhospitals,1
michaelcrows,1
comicrelief,1
henryolseneppc,1
govwhitmer,1
cyrilramaphosas,1
maggienyt,1
carlbeck,1
cityattorneyla,1
matthewstadlen,1
jonheyman,1
sarahnferris,1
nosycrow,1
scbriand,1
wythsalt,1
foofighters,1
tiffanydcross,1
shearm,1
njcaa,1
phonepe,1
jeffcanoy,1
spotify,1
billdeblasio,1
toicitiesnews,1
mayordangelber,1
craigmish,1
lennycurry,1
dancrenshawtx,1
worksafeca,1
griffin,1
brandyzadrozny,1
davidmackau,1
kgeorgieva,1
repdancrenshaw,1
ridgeonsunday,1
senmcsallyaz,1
myvocsn,1
mybmc,1
nancyayoussef,1
ngrpresident,1
govabbott,1
cagop,1
jposnanski,1
enterprisefl,1
jennagiesta,1
alexazura,1
chakmakcg,1
nytdenisegrady,1
koreangolfnews,1
azdhs,1
mlbplayers,1
peteratlantic,1
policeng,1
ridersalliance,1
nrcc,1
repdlesko,1
shaunlintern,1
realdonaldtrumpwhen,1
viagogo,1
miryanasy,1
globacomlimited,1
businessinsider,1
thelallantop,1
presidencerdc,1
nhstayside,1
drcarachrist,1
scrollin,1
muhyiddinyassin,1
oregonian,1
i40publishing,1
standamericanow,1
brooksnewmark,1
musichealthall,1
donlemon,1
dta,1
edmarkey,1
mlb,1
sarahwaltonnews,1
t2tupasinq,1
cobarnes27,1
iraheatbeat,1
repandybiggsaz,1
natwolfe94,1
vijayrupanibjp,1
usforthemuk,1
repgrothman,1
seattletimes,1
sloumarsh,1
bjorkmanlab,1
ryanbrooks,1
nicolasturgeon,1
nygovcuomos,1
josephmorong,1
bretbaier,1
harvard,1
funkeakindele,0
earthmedic,0
simonscarr,0
chime,0
country935fm,0
jtanews,0
marybethpf,0
rarcadioinq,0
maggiemfox,0
eidgeek,0
instablog9ja,0
govmurphy,0
javieralatorre,0
samiramadani1,0
chanzuckerberg,0
adamboultonsky,0
business,0
loblawson,0
joshfrydenberg,0
easportsfifa,0
radiorpa,0
lagalaxy,0
ladepthealth,0
thewanreport,0
nancook,0
prinsciadvgoi,0
guardian,0
griffwitte,0
nasscomhyd,0
launchtn,0
thedemocrats,0
shanghaiist,0
juliettekayyem,0
louraguse,0
wayncharles,0
oxfordmedsci,0
wholefoods,0
slpnggiants,0
rsunak,0
bbcpanorama,0
ewnupdates,0
wsbtv,0
somhalef,0
jocelynkaiser,0
nyachula,0
pijushhazarika,0
mjrowland68,0
tilehdanceking,0
savannahguthrie,0
nakufoaddo,0
spacex,0
stigabell,0
lachmi0809,0
bylenasun,0
jflem94,0
lachlanforrow,0
celliottability,0
jcdt,0
saysdana,0
rahulgandhi,0
sadiqkhan,0
nbcnightlynews,0
jnorthcottcbc,0
kqednews,0
fordnation,0
weijia,0
sonichusa,0
eileenguo,0
theathleticnba,0
briticoyemo,0
crisisuk,0
midyorkshirenhs,0
nasa,0
usambun,0
vijayanpinarayi,0
thekanikakapoor,0
pbcsd,0
mirsnews,0
jacksoncarlaw,0
niaidnews,0
emilymbadger,0
bbcdorset,0
latimes,0
oann,0
swpporttalbot,0
enca,0
brookebcnn,0
hishammuddinh2o,0
segalink,0
nypost,0
pheuk,0
khallareinq,0
huseinmoha,0
nbcwashington,0
garretthaake,0
apostlesuleman,0
ishafoundation,0
yabutaleb7,0
jsteinwapo,0
mendelrandom,0
martharaddatz,0
bydarrylfears,0
achyutasamanta,0
roinnslainte,0
doctorchrisvt,0
ikamalhaasan,0
swpneath,0
sherifink,0
smithdanag,0
kayburley,0
covidactnow,0
drpulmo,0
trump,0
juggernautbooks,0
jeffpassan,0
uns,0
wral,0
bw,0
gofundme,0
jacobmarksf,0
satyendarjain,0
reptomrice,0
nmanigeria,0
sarahleeguthrie,0
oncoalert,0
kprather88,0
malcolmbrodie,0
israelipm,0
stevehartmancbs,0
kierstarmer,0
icsics,0
kaizerchiefs,0
tfl,0
cmoodisha,0
38degrees,0
afcleopards,0
changeorgindia,0
wairimunyinyi,0
kloefflers,0
cpac,0
iciradiocanada,0
gujedudept,0
benfelderokc,0
umms,0
authackeray,0
udayfoundation,0
indiasmuslims,0
grandson,0
glendaleaz,0
bbclaurak,0
unfoundation,0
bretthaber,0
elucdinc,0
govandybeshear,0
sarahkeoghan,0
nickiminaj,0
cashapp,0
globebusiness,0
webecodibergamo,0
ericawerner,0
squawkstreet,0
sirdavidkings,0
jumpman23,0
cagovernors,0
samimokbel81dm,0
officegsbrown,0
govgonewild,0
brookingsgov,0
skynewsaust,0
thomaserdbrink,0
scceng,0
henryfordnews,0
timesnow,0
pypayurved,0
nygovcuomo,0
lcbriang,0
paigestjohn,0
atrupar,0
africafactszone,0
genflynn,0
derrickvangenn2,0
quicktake,0
reinlwapo,0
hussainmanawer,0
shamikaravi,0
newshour,0
nolanentreeo,0
erinallday,0
jljcolorado,0
kateupton,0
annalsofim,0
droz,0
wpri12,0
dverganos,0
schaeferdaniel,0
ciwf,0
danielandrewsmp,0
johnswinney,0
royalfreenhs,0
phrma,0
bareillytraffic,0
tmarcoh,0
imperialjidea,0
healthybrown,0
signhealth,0
titomboweni,0
pahealthdept,0
10newsfirst,0
usnavy,0
cwgc,0
anneliesedodds,0
aaronnolannews,0
startalkradio,0
chrisrugaber,0
imbhupendrasinh,0
healthza,0
harbhajansingh,0
forbes,0
carolinelucas,0
leovaradkar,0
blueangels,0
brendakleong,0
lagarde,0
sebastianpinera,0
nhsbt,0
cmatacic,0
joecressy,0
ylpundp,0
stpdny,0
ghaziabadpolice,0
drjulieh,0
christian4burys,0
mancity,0
iwgbunion,0
hqnigerianarmy,0
drsangitareddy,0
aasmahmir,0
oneworldlit,0
joelmchale,0
lsmoh,0
kellyannepolls,0
rtenews,0
cmarquezinq,0
aoc,0
ftfdetroit,0
raphbosano,0
niro60487270,0
financialtimes,0
furmanmlax,0
gavinwilliamson,0
cnnsitroom,0
dreoehanire,0
britishchambers,0
giditraffic,0
icmrdelhi,0
nbcsports,0
abortionsupport,0
fionawduncans,0
unc,0
bycrystalthomas,0
aiimsnewdelhi,0
cepivaccines,0
scottgottliebmd,0
nhsbartshealth,0
bbcone,0
nnpcgroup,0
bigbird,0
noiweala,0
kyraphillips,0
prabhuchawla,0
carlavizzotti,0
rodneydavis,0
theage,0
bristolys4c,0
officialsyp,0
dansolomon,0
meaganweiland,0
swpolice,0
econdailycharts,0
billgates,0
metpoliceuk,0
qaanitahhunter,0
msisodia,0
bethreinhard,0
aloksharmardg,0
herime23,0
afthunderbirds,0
simoneelitv,0
ubagroup,0
matthewoprempeh,0
teamnews24,0
whipclyburn,0
cazjwheeler,0
stellarated,0
detroitpolice,0
jhsphchs,0
skynews,0
theicai,0
keirstarmer,0
nyphospital,0
indiatvnews,0
9newsaus,0
nhscharities,0
drobafemihamzat,0
sltrib,0
richard49step,0
ukstatsauth,0
whokenya,0
louisvillemayor,0
billleetn,0
newsfromscience,0
infotghn,0
justinbaragona,0
jimjordan,0
latfoto,0
unitedway,0
albertaucp,0
chaseelliott,0
marylouisemcla1,0
ramsaysky,0
advfulcrum,0
edbookfest,0
sreenivasanjain,0
number10press,0
awongsw1,0
hmoindia,0
tammypetersen87,0
creativefed,0
mayorofla,0
facebookapp,0
texastribune,0
repkatieporter,0
dghisham,0
garytuchmancnn,0
safoundationn,0
trishgreenhalgh,0
meljstride,0
sentedcruz,0
richakedia,0
peterhotez,0
kfaulders,0
aranganathan72,0
ericsyuan,0
globalbiosec,0
makeuk,0
ruhakanar,0
airtelnigeria,0
heidichung,0
mediaite,0
meredithwadman,0
rcpath,0
sallyches,0
repstephmurphy,0
deanrock14,0
michaelpooler,0
jamespomfret,0
pattyhajdu,0
uniofoxford,0
hudge44,0
ljiresearch,0
kansiiimeonesmu2,0
nelsonrussellm,0
drzwelimkhize,0
rumireports,0
mkraju,0
dantehanwannon,0
toluogunlesi,0
oooitsplasma,0
rerutled,0
himantabiswa,0
katierazz,0
hp,0
drmarthagulati,0
pizzapilgrims,0
ruggedybaba,0
stephengrootes,0
redbullracing,0
9newsmelb,0
kendricklamar,0
interpreternow,0
profhelenward,0
ogwangogwang,0
jayeshranjan,0
hansnichols,0
a16z,0
govmikedewine,0
columbiagsapp,0
nhshealthedeng,0
chelwestft,0
nascar,0
neunion,0
gcismedia,0
richardhorton1,0
kakumirizi2002,0
fytph,0
televisionjam,0
cdcmmwr,0
michelemunz,0
beltel,0
bamainsider,0
drgemgem,0
aasciences,0
rachelweinerwp,0
teapainusa,0
zellecashapppaypal,0
creat1ve,0
cphocanada,0
pbump,0
capaction,0
billhanage,0
renaultf1team,0
speakerpelosis,0
chocellabrixham,0
philippullman,0
msaludpy,0
jidesanwoolu,0
lindamcmahon,0
hispaniccaucus,0
washingtonpost,0
martinsavidge,0
phdbalance,0
fluffymisskitty,0
emilyrosefinn,0
globalnews,0
yaleemd,0
wincathedral,0
oxexppsy,0
govkaduna,0
achbalkrishna,0
virsanghvi,0
joerogans,0
diamondandsilk,0
usc,0
newyorker,0
lindahnabusayi,0
floridahousing,0
amnesty,0
promisscot,0
healthaffairs,0
bloombergdotorg,0
localitynews,0
flourish,0
drkathrynmannix,0
nationwideradio,0
mclarenf1,0
kemrikenya,0
gantzbe,0
fireisland,0
petercoy,0
juliamichaels,0
aminukanoth,0
vwang3,0
theathleticuk,0
statsmin,0
followlasg,0
mercedesamgf1,0
indiatoday,0
akilidada,0
jacobbigio,0
ptvnewsofficial,0
arimoin,0
stevebarclay,0
eilperin,0
mubangizi1995,0
thetimesscot,0
mysa,0
iheartradio,0
trentaa98,0
rashidatlaib,0
macrelstuds,0
iingwen,0
yahoofinance,0
peston,0
themrc,0
ft,0
radiichina,0
rickiefowler,0
fmwales,0
insidelacrosse,0
sarahnev,0
drmattmccarthy,0
naturenews,0
skysports,0
kenyasrhr,0
protectwldlife,0
cwhittakermp,0
sabcnews,0
kissfoundation,0
bbcbreakfast,0
foodbankscanada,0
uksciencechief,0
redsarah99,0
cfl,0
ftiafoe,0
benprotess,0
dougcameron51,0
isaric1,0
marklevinshow,0
janetmuseveni,0
senmarkeys,0
archhousing,0
7newsbrisbane,0
scotsmanarts,0
fbi,0
mnfreedomfund,0
kmanlupiginq,0
jamiewdwright,0
someshjha7,0
nigairforce,0
chrisgiles,0
dygalvezinq,0
tnlcomfund,0
socceraid,0
lawtontimes,0
wionews,0
gladysb,0
la,0
kategarraway,0
metrouk,0
houseofcommons,0
globedebate,0
malaysiamfa,0
barackobama,0
nationalguard,0
mayorsforagi,0
mvslive,0
educationfls,0
vanjones68,0
angelmovido,0
ashokchavaninc,0
durhamuni,0
goldmansachs,0
gloworld,0
ncgovernor,0
crwatson,0
scoopercooper,0
jonertweetss,0
newsraghav,0
pibindia,0
mdpublicschools,0
arraperezdzmm,0
canadianforces,0
thetimes,0
theellenshow,0
ibmscience,0
rahulkanwal,0
mattwalshblog,0
ingrahamangles,0
dangerusswilson,0
floridadbpr,0
delhipolice,0
shawnmendes,0
ameliagentleman,0
haasf1team,0
safridiofficial,0
hebobiwine,0
governortomwolf,0
townofcanmore,0
vindog56,0
unsw,0
katiehonan,0
latimesopinion,0
sanjaynagral,0
britisharmy,0
joshakinyemi,0
wellcometrust,0
charliecooper8,0
drsjaishankar,0
iamhemantshinde,0
steveschmidtses,0
ettelecom,0
bashirahmaad,0
tv3ghana,0
therickwilson,0
keishabottoms,0
sundayfutures,0
amrefkenya,0
posteverything,0
martinlipton,0
johnshopkinssph,0
salehamohsin,0
kaguilarinq,0
jimfieldsmith,0
drbobhariri,0
davidlammy,0
jshkatz,0
palkisu,0
aapnews,0
jdiamond1,0
adriandix,0
johnshopkins,0
nbmenow,0
lifebanknigeria,0
outsidemagazine,0
govkemp,0
senmarkey,0
abcnews,0
nhs24,0
foreignaffairs,0
chrisgpackham,0
officialgaa,0
abbydphillip,0
dispatchdds,0
newindianxpress,0
impossiblebrief,0
cbs,0
kroger,0
wadepthealth,0
ftopinion,0
cityofboston,0
johnarash2345,0
netanyahu,0
keirstarmers,0
chesterzoo,0
nbcout,0
kristinesabillo,0
gwbps,0
skybetchamp,0
geoffrbennett,0
davidspeers,0
mjtildesley,0
usainksa,0
susannareid100,0
208nigeria,0
premnathv6,0
isidorg,0
christophclarey,0
13pt,0
fan590,0
mazzucatom,0
officialnairam1,0
richardaepstein,0
foundersfund,0
aliciap,0
variety,0
kocomcaboy,0
mayoclinic,0
aldersgategroup,0
conorgallagher,0
repmaxinewaters,0
housengr,0
amrefworldwide,0
mybmccoastalrd,0
mibindia,0
gmbs,0
sardesairajdeep,0
anasglobal,0
officialfcta,0
henrysward,0
elnec1,0
murtazasolangi,0
sonusood,0
nethahussain,0
devex,0
thedailyshow,0
rapsheet,0
saferneathpt,0
govcanhealth,0
official4sytetv,0
abpasmitatv,0
andersoncooper,0
adamcancryn,0
chriscuomo,0
officialpdpnig,0
jack,0
health24com,0
tv9telugu,0
virginmedianews,0
nickmmark,0
mrandyngo,0
gideoncrozner,0
nectargan,0
hholdenthorp,0
rbchnhs,0
dcislamabad,0
berniesanders,0
dgauruder,0
stockx,0
drmikewgill,0
billboard,0
danaparish,0
furmanu,0
forbessports,0
kenrosenthal,0
khameneiir,0
georgemonbiot,0
katrinapierson,0
stefsimanowitz,0
tv9gujarati,0
wsjopinion,0
deutschebank,0
reillyopelka,0
jimtankersley,0
irishtimes,0
hysea1991,0
carinhagberg,0
uiowa,0
jaketapper,0
laurapdavison,0
janssenglobal,0
rbi,0
albertonardelli,0
newday,0
thefsmb,0
bbcworld,0
cbctelevision,0
cbckidsnews,0
ishitabhatiatoi,0
howwefeel,0
officialefcc,0
stevenberry,0
humanityforward,0
gnev2,0
djohnsonpga,0
kenpaxtontx,0
dupleader,0
ndtv,0
instagram,0
channel9,0
bioscienceaytu,0
matthewherper,0
hawleymos,0
msfusa,0
eleanoraingeroy,0
cntr4growth,0
thekhrc,0
ahmedabadmirror,0
priyankathiru,0
nusrat61,0
jburnmurdoch,0
laurakhughes,0
usfhealth,0
interpolhq,0
thesamsorboshow,0
columeastwood,0
cyberabadpolice,0
harvardchansph,0
citywestminster,0
kiituniversity,0
tomchadwick7,0
firstdallas,0
wwe,0
foxandfriends,0
shailajateacher,0
labourminng,0
maheemahesh25,0
symonedsanders,0
aaronrichterman,0
andrewholnessjm,0
gioninoso,0
rollcall,0
theterminal,0
xpresskerala,0
bleeforcongress,0
asadowaisi,0
btstwt,0
womensaidorg,0
bnzmagsambol,0
replouiegohmert,0
cbsthismorning,0
ashiindiatoday,0
mrgopal,0
gallup,0
ltgovdelhi,0
reptomreed,0
hellentusuubira,0
tatacompanies,0
adavidhalejoint,0
ukgbc,0
xolimngambi,0
cingrahams,0
wearethemu,0
thehindu,0
wusa9,0
miguelmarquez,0
briankempga,0
martinvizcarrac,0
chikwei,0
dphmashton,0
rgilliescanada,0
yougov,0
trumpwarroom,0
adamschefter,0
skynewssam,0
7newsaustralia,0
rishisunaks,0
jendeben,0
robertmanodzmm,0
marcorubio,0
drlizzysuleman,0
nickcalvert9,0
henrymcmaster,0
govevers,0
jonsnowc4,0
ashishkjha,0
derekwillis,0
cafreeland,0
derekdraper,0
secretarylevine,0
dmgbnagar,0
kevinmaguire,0
thescotsman,0
cward1e,0
ambcuitiankai,0
scrippsresearch,0
usdafsa,0
edinburghuni,0
alsisiofficial,0
ramboreports,0
cnbcmakeit,0
primevideo,0
citybrampton,0
corybooker,0
bfi,0
americafirstpac,0
lauriemcginley2,0
piersmorgans,0
tprnews,0
deakin,0
thecarereview,0
didoharding,0
matthewwolff5,0
seyiamakinde,0
brynntannehill,0
profakinabayomi,0
cnagpaul,0
carhartt,0
philmickelson,0
eriellereshef,0
sziks,0
nzun,0
republic,0
ryanmeili,0
rafbrizenorton,0
postopinions,0
albertsamaha,0
alexnbcnews,0
peterstefanovic,0
fox2news,0
unwomen,0
govuk,0
cnoengland,0
csdickey,0
gujuni1949,0
ericzorn,0
xtotl,0
govinslee,0
tuckercarlson,0
americanair,0
breakfastnews,0
jonathanvswans,0
senatorbraun,0
tinaarceodumlao,0
weareoneexo,0
icaicma,0
rollingstone,0
twittermoments,0
timeslive,0
balachundhar,0
ikramshahrul,0
akhbar,0
messenger,0
faucifan,0
glblctzn,0
kasie,0
tabletmag,0
gregabbotttx,0
telus,0
governmentza,0
danaspinant,0
ashwinikchoubey,0
safoodbank,0
abc15,0
cmoengland,0
harariyuval,0
mattgelb,0
paulaforbes,0
potuss,0
julianknight15,0
tigerwoods,0
eaterdetroit,0
mskini,0
thelancet,0
lovedaym,0
coachedorgeron,0
rowesantos,0
prayutofficial,0
radiopakistan,0
torilongdon,0
outkick,0
tseries,0
iigccnews,0
bfmtv,0
pinchepi,0
livuni,0
femas,0
liampayne,0
jacquilambie,0
gmb,0
maristpollnbcnewyork,0
ambaloni,0
ugcindia,0
telanganadgp,0
porscheraces,0
dancgoldberg,0
pramilajayapal,0
abc7,0
nzungva,0
disrnnews,0
macklemore,0
kunc,0
stephenfarrymp,0
ivanokuda,0
fox411,0
megtirrell,0
sptirupathur,0
dailyreport,0
ourda,0
mls,0
rachelstaunton,0
zhandercayabyab,0
akisawandera,0
suhaunah,0
mrcoutbreak,0
nanwhaley,0
msdhoni,0
senkokopimentel,0
aslavitt,0
santucci,0
cchoirat,0
bitc,0
rotimiakeredolu,0
okaytobesmart,0
sundaytimesza,0
cbcnews,0
shippersunbound,0
jpm25,0
rabrowne75,0
jagsinghmd,0
dcms,0
nature,0
carolecadwalla,0
jypetwice,0
samaritanspurse,0
nhendren82,0
cfigueres,0
vanderbiltu,0
melindagates,0
sadhgurujv,0
donaldtrump,0
drfullertonmpp,0
pearsonsharp,0
leonhendrix,0
glblctzns,0
kilimoke,0
pmoindia,0
survation,0
applepodcasts,0
kilmeade,0
realdonaldtrumpwho,0
bellacanvasla,0
senategop,0
jesserogersespn,0
bristimtom,0
uktheatre,0
afneil,0
fordfund,0
profbriancox,0
ihrithik,0
martywalsh,0
michelleobama,0
kevinq,0
senblumenthal,0
pradipsinhguj,0
rachakondacop,0
onedirection,0
bloomfieldstan,0
matthewkawahara,0
ncaa,0
united,0
mrcieu,0
reuters,0
australianlabor,0
bbcr4today,0
navigatorsurvey,0
sxbegle,0
911corlebra777,0
senatemajldrs,0
cmodelhi,0
cnntonight,0
janklownesbit,0
annafifield,0
mgmadvertiser,0
idsainfo,0
vaughnhillyard,0
abnermercado,0
davidgshortell,0
secretarysonny,0
tes,0
gretchenvogel1,0
jpsaxe,0
kens5,0
ford,0
jhusystems,0
whouniceflancet,0
thespinofftv,0
drphilippaw,0
thshbirmingham,0
gyamey,0
stephaniemlee,0
jenniestaer,0
matthabusby,0
christufton,0
abscbnnews,0
soflafair,0
nationalpost,0
rabsaa,0
wwj950,0
inquirerbiz,0
nra,0
chandnahimani,0
imperialcolleges,0
derpoldroneunit,0
timesofindia,0
kloeffler,0
nycmayor,0
i24newsen,0
hjsorg,0
yourrightscamp,0
rachaelmoses,0
knsmoh,0
mohkenya,0
mollyjongfast,0
mikebloomberg,0
academicchatter,0
drkevinschwartz,0
swin24,0
cbckids,0
profbriankalt,0
telanganacmo,0
pdrmsia,0
benarasiyaa,0
cbchh,0
issarae,0
sflecce,0
jaccjournals,0
dhscgovuk,0
ericgarland,0
richardengel,0
tonygoldwyn,0
catawbacounty,0
hivtox,0
garethjgriffith,0
kristinoem,0
tinaaguayotv,0
loonatheworld,0
womenfacultymd,0
scottishautism,0
campbellclaret,0
oregongovbrown,0
newzroom405,0
juliacraven,0
asharangappa,0
mantaichow,0
annecurtissmith,0
kfile,0
officialbhafc,0
blythemasters,0
lapdhq,0
jacobreesmogg,0
foxnikkifox,0
woodtvs,0
gguvamatanga,0
bgtennisnation,0
erictopol,0
cnni,0
johnisner,0
rashousmane,0
iamrahulkanal,0
valeriejarrett,0
nytupshot,0
karascannell,0
sundaydaresd,0
taylorfritz97,0
boniver,0
secgenescalia,0
emmanuelmorgan,0
pih,0
nemakenya,0
govtimwalz,0
bronxzoo,0
coronavirus,0
cdcdirector,0
andrewprobyn,0
andy,0
webmscientists,0
konkrumah,0
khnews,0
cia,0
drharshvardhan,0
mojgovuk,0
ciara,0
nascartrucks,0
lafc,0
shailagarde,0
steveeder,0
yougovustheeconomist,0
mpjeffries,0
flotus,0
govholcomb,0
asliuk,0
guybensonshow,0
tortoise,0
denisedslu,0
rvsmtown,0
danpatrick,0
senatedems,0
paulroyall,0
senkamalaharris,0
mbchinoleyco,0
uvriug,0
barda,0
gtuoffice,0
agotisidro,0
andrewyang,0
inechepurenko,0
priyankac19,0
babylifeline,0
prometricglobal,0
youngscot,0
thisweekabc,0
raedhaydar98,0
normaburke,0
ryanblethen,0
swedishpm,0
mfatnz,0
sarahknapton,0
westmidhospital,0
theusmle,0
julienbcnews,0
amymcgrathky,0
ganjarpranowo,0
orangecofl,0
joeliveline,0
smh,0
patrickmcenroe,0
liberalparty,0
sharylattkisson,0
janedutton,0
lindsemcpherson,0
pushpanarayan,0
projectmuse,0
wikipedia,0
benjaminchapman,0
mountsinainyc,0
samleesong,0
nadhimzahawi,0
lbc,0
nytimesatwar,0
joycemurray,0
fsbpolicy,0
mikegarcia2020,0
nicchik90,0
cihhousing,0
replizcheney,0
ltgovgilchrist,0
ernestofaraujo,0
ahmednasirlaw,0
harveyweinstein,0
bmjlatest,0
thesocialinvest,0
gfrdofficial,0
bettybowers,0
mikenavallo,0
iamrapaport,0
australian,0
ericliptonnyt,0
dhsgov,0
piyushgoyal,0
covidready,0
rcmpgrcpolice,0
alexsapienza,0
charlixcx,0
inproportion2,0
mtosterholm,0
parkboard,0
patrickbrownont,0
mbalulafikile,0
claudiamcleg,0
cityofdetroit,0
kkmputrajaya,0
wasilewskaeu,0
ocregister,0
time,0
excellondon,0
bankofcanada,0
callofduty,0
ambassadorrices,0
stadium,0
tomaspueyo,0
lyceumtheatre,0
leanneebrown,0
unbiodiversity,0
pubpeer,0
kerpenpeter,0
zoesam93,0
sudanpmhamdok,0
thebma,0
timspector,0
bbcpolitics,0
ddnewslive,0
govumarganduje,0
helentbbcs,0
pnasnews,0
donotpaylaw,0
jeremyherb,0
vijayabaskarofl,0
hhsgov,0
deptofdefense,0
fourthwatch,0
lordsugar,0
nicoleperlroth,0
foxla,0
talkradio,0
bbcferguswalsh,0
drnoorazmi,0
gregtorode,0
planetmoney,0
tompelissero,0
xfinity,0
elisedunweber,0
edvaizey,0
benniegthompson,0
jasonfelix,0
10downingstreet,0
cbseindia29,0
jilliandempster,0
blackrock,0
mikedewine,0
alexandriaw,0
wehcscientists,0
sarahwollaston,0
thejusticedept,0
danielnmiller,0
tonyfergusonxt,0
justinsuntron,0
afp,0
airnewsalerts,0
govwhitmers,0
conservatives,0
unswmedicine,0
atorosofficial,0
sciencevisuals,0
emilymshields,0
thr,0
cbsnews,0
applesupport,0
yaranwatan,0
chefjoseandres,0
rdashnhs,0
gretathunberg,0
piersmorgan,0
williamsracing,0
aaeminfo,0
marossefcovic,0
gaslitnation,0
giuseppeconteit,0
cmokerala,0
safespeak,0
hudsoninstitute,0
pearljam,0
drericding,0
danabashcnn,0
lukelbarr,0
andrewcuomo,0
boback,0
newstatesman,0
rameshmashelkar,0
latikambourke,0
karusiprovince,0
evalgpf,0
uppolice,0
stevenmnuchin1,0
johnshopkinsepi,0
ahauslohner,0
johnkass,0
drjoehanson,0
countdankulatv,0
aprildryan,0
unicefuk,0
edinburgh,0
porschenaracing,0
laurentdtardif,0
jyotik,0
btindia,0
govofco,0
flyeia,0
ryanobles,0
ttindia,0
maellensirleaf,0
vanparkgm,0
valeriestrauss,0
ameenex,0
suellabraverman,0
laoneill111,0
cbitweets,0
iithyderabad,0
astrazeneca,0
alibabagroup,0
gcaw,0
doughanks,0
seattleflustudy,0
nih,0
lisalshumaker,0
mactxpress,0
911lapd,0
davidornstein,0
thekeralapolice,0
commonstreasury,0
ianpaynesport,0
alexismadrigal,0
mahagovernor,0
gatesfoundation,0
gatewaypundit,0
rapplerdotcom,0
zartajgulwazir,0
reyaika,0
hmokunola1,0
oxpsychiatry,0
mvankerkhove,0
secretaryross,0
preetkgillmp,0
fortunemagazine,0
melissadderosa,0
alexberenson,0
nycyouth,0
cmyeaton,0
youyanggu,0
astiksinha,0
ronnirenberg,0
michaelstepner,0
aimhuk,0
theprintindia,0
peopledailyke,0
kennedystewart,0
senatorsinema,0
mtnng,0
nickkristof,0
efl,0
jennfranconews,0
louistomlinson,0
drewgriffincnn,0
ekohotels,0
usmc,0
imrankhanpti,0
whordblueprint,0
fujikyunow,0
nihrresearch,0
housegop,0
sebastianepayne,0
jackma,0
kickstarter,0
annastaciamp,0
cmichaelgibson,0
mekkiabdellatif,0
ocflmayor,0
jeremyphoward,0
docjohnwright,0
unfccc,0
lshtm,0
scotgovfm,0
antonioguterres,0
michaelsteel,0
youthlinkscot,0
donatopmancini,0
zlj517,0
kanostateng,0
hydcitypolice,0
cmotamilnadu,0
lsu,0
kaitlancollins,0
dlawrenceobe,0
angiesadeghi,0
theeconomist,0
ckubenbc,0
natassiazc,0
profilebooks,0
boulwaredr,0
prabhashrinkoo,0
parscale,0
peterduttonmp,0
peterdaszak,0
reisthebault,0
brithume,0
enews,0
nserccrsng,0
bethmariemole,0
meatinstitute,0
imrankhan,0
daktari1,0
thejeremyvine,0
govparsonmo,0
mariachin,0
rwakakamba,0
sensanders,0
setuaarogya,0
thefamilycoach,0
mcten,0
cjdinenage,0
morningireland,0
animaladvocate,0
nadiasussman,0
kwelkernbc,0
hetimipresylva,0
wfp,0
unidohappiness,0
abdaniellesmith,0
ktrtrs,0
iflymia,0
andrewlamingmp,0
curlyjunglejake,0
peoplebiz,0
fdny,0
sbsnews,0
ianesguerra,0
citylittlerocks,0
openuniversity,0
carolineylchen,0
costco,0
jcouzin,0
officialapcng,0
bidmchealth,0
emsteck,0
gbengaomo,0
kelinkenya,0
doubledownnews,0
cbsdenver,0
amdavadamc,0
abikardr,0
latestchika,0
scsccyberabad,0
dorsetecho,0
ayannapressley,0
gehealthcare,0
drcohio,0
hamsonobua,0
officialdlive,0
govabbotts,0
premiumtimesng,0
lapublichealth,0
bgea,0
cmramosinq,0
albomp,0
fmohnigeria,0
themohwgovjm,0
parkland,0
modernatx,0
felicis,0
wbhm,0
bbciplayer,0
ameshaa,0
govricketts,0
pravintalan,0
theiod,0
abebrown716,0
lsrplaid,0
univofgh,0
humanrightsctte,0
cellcellpress,0
asadumar,0
bethrigby,0
ronanglynn,0
tomorsborn,0
maitlis,0
poolehospital,0
christopherhope,0
ubeleinitiative,0
eitc,0
ani,0
stephennolan,0
lizsly,0
gavi,0
uklabour,0
shaileshnbt,0
laurenleatherby,0
ukdeafcouncil,0
ericschmittnyt,0
goodsamapp,0
andybounds,0
nfergus,0
tennessean,0
alandukenews,0
cybtraffic,0
jovicyeeinq,0
wolfgangfeist,0
gsfopentexas,0
whca,0
timesdemocracy,0
evalyouth,0
mohfwindia,0
dbtindia,0
ncasenmare,0
petrakhoury,0
uhdbtrust,0
sirdavidking,0
jonashworth,0
brookingsinst,0
fortishospital,0
mieknathshinde,0
ilhan,0
hbo,0
cmoguj,0
racingpointf1,0
jmaurelioinq,0
sambitswaraj,0
7newscq,0
liamfox,0
amyklobuchar,0
amazon,0
sarkodie,0
staplescanada,0
aceh,0
vppresssec,0
natashaldaly,0
google,0
cdphe,0
davido,0
imsa,0
evandrellich,0
imperialcollege,0
solomonyue,0
fareedzakaria,0
minofhealthug,0
charliebakerma,0
therealboon,0
sopharela,0
mittromney,0
sidharthshukla,0
bournemouthecho,0
icmrniv,0
ralphnortham,0
jaydostal,0
rcsiirl,0
ucsfhospitals,0
publiccitizen,0
detroitnews,0
thedsd,0
emmersbrown,0
nettadoc,0
dohgovph,0
sandygrains,0
uarizonapres,0
billoreilly,0
inamitchellfilm,0
robertmuhangi2,0
nfaalmos,0
ingrahamangle,0
mkkyari,0
ndarsa,0
mitchofarrell,0
dominicraab,0
vaushv,0
connorobriennh,0
applemusic,0
judywoodruff,0
jeffdsachs,0
patskarvelas,0
hsjnews,0
farooqpm,0
jmbooyah,0
robrobbedwards,0
canadianpm,0
douglaskmurray,0
nyulangone,0
annamphillips,0
pauljoyce,0
kellyo,0
leighsales,0
nanjala1,0
joelachenbach,0
thecw,0
nydailynews,0
raffsantos,0
xandvt,0
franktumwebazek,0
leilasinq,0
