covid19,305
coronavirus,145
breaking,15
trump,11
coronaviruspandemic,6
maga,6
cdnpoli,5
blacklivesmatter,5
stayathome,5
foxnews,5
hydroxychloroquine,4
trumpownseverydeath,4
stayhome,3
socialdistancing,3
covidiots,3
staysafeug,3
india,3
topfive,3
florida,3
covid19ph,3
wearamask,3
onpoli,3
9news,3
nbsliveat9,3
nbsupdates,3
txlege,3
familiesfirst,3
chopsfives,3
trumppressconference,3
cnnsotu,3
stayhomestaysafe,2
coronaviruskenya,2
indiafightscorona,2
1,2
wuhanvirus,2
china,2
hannity,2
thursdaymorning,2
washyourhands,2
altnewsfactcheck,2
americafirst,2
newyorktough,2
trumpmeltdown,2
newsnight,2
karensgonewild,2
telangana,2
stopthespread,2
coronavirusuk,2
ppe,2
covid,2
ournhspeople,2
coronaupdate,2
georgefloyd,2
bebrave,2
stayhomesavelives,2
demdebate,2
blm,2
epfo,2
kag,2
onevoice1,2
tulsa,2
gmb,2
nba,2
sona2020,2
maharashtra,2
clapforourcarers,2
exclusive,2
socialsecurity,2
tulsatrumprally,2
pennsylvania,2
mondaythoughts,2
stopairingtrump,2
,1
texas,1
nikegate,1
africa,1
educationministergoeslive,1
corruptgop,1
pmcares,1
modimadness,1
democratpork,1
trump2020,1
awanipagi,1
paulryan,1
trumpisadangertoamerica,1
mondaymotivaton,1
bcpoli,1
lockdown,1
coronavirusfaqs,1
leadership,1
southkorea,1
votebidentosaveamerica,1
coronapocalypse,1
bhnasional,1
avfc,1
covidlogic,1
golf,1
kentucky,1
climatechange,1
taiwanmodel,1
kungflu,1
aidilfitri,1
mexicans,1
clustertrump,1
tokyomuseums,1
bellaciao,1
oann,1
enca,1
fuckkemp,1
obamagate,1
covid19vic,1
akatv,1
stayathomeorder,1
essentialgoods,1
pandemic,1
mtp,1
leaders,1
worldrefugeeday,1
trumpresignnow,1
lagov,1
covid19please,1
democrats,1
strongertogether,1
novaccinefortrumpderangementsyndrome,1
moscow,1
politics,1
constitutionovercoronavirus,1
iameuropean,1
staysafe,1
brexit,1
examfever,1
apartheidindia,1
essentialservices,1
2a,1
foxbusiness,1
trumpcrimefamily,1
music,1
lockdown4,1
dearblackpeople,1
wakeupamerica,1
toryscum,1
whytrumpmightquit,1
shareculture,1
citinewsroom,1
iteleastergoodies,1
covidtoronto,1
getusppe,1
news,1
policebrutality,1
dholerasmartcity,1
whacountdown,1
sacrifice,1
nursinghomeslaughter,1
umalambane,1
topoli,1
trumphasnocredibility,1
youclapformenow,1
covidiiots,1
sabcnews,1
coronaphobia,1
trumpliespeopledie,1
nightlife,1
verdict,1
nufc,1
domesticviolence,1
miamimarlins,1
cnnmeltdown,1
lockdownireland,1
israel,1
sarscov2,1
drelmoatiku,1
killercuomo,1
rubyprincess,1
nhs,1
hapuscovid19,1
auspol,1
nhsheroes,1
kushner,1
queenspark,1
gujaratcoronaupdate,1
nottheonion,1
trumpvirus,1
demcast,1
masksnow,1
briankemp,1
majorleaguebaseballmlb,1
humanrightsviolations,1
iitjam,1
tre45on,1
bastopthinkagain,1
corona,1
michigan,1
worlddayagainstchildlabour,1
mitchplease,1
trumpplague,1
modis,1
desantis,1
pmcaresfund,1
localgov,1
promisesmade,1
level3restrictions,1
ntvnews,1
covid19pandemic,1
compassionaterelease,1
tbh365,1
tulsarally,1
trumpgolfsyoudie,1
nurses,1
sciencenotsilence,1
sportsbiz,1
kogi,1
trumphasnoplan,1
protectournhs,1
dobbs,1
georgia,1
dmbdrivein,1
csna,1
freeourpeople,1
trinitybellwoods,1
curfewke,1
chemnitz,1
physicians,1
ignorantkenyans,1
maddow,1
wuhancoronavirus,1
usps,1
endthenightmare,1
clarity,1
fakenews,1
dystopia,1
thursdaythoughts,1
getusadamntest,1
covidiot,1
zimbabwe,1
timespoll,1
bbcbreakfast,1
openeconomynow,1
kidvicious,1
focusonthetrumpdeathtoll100k,1
hyderabad,1
taiwan,1
votebluetoendthisnightmare,1
fairblog,1
ramdevcoronacure,1
ioresistoacasa,1
bakersfielddoctors,1
takecarebeforyoushare,1
stayhomeohio,1
jen2020,1
covidforprofitscam,1
โควด19,1
tampa,1
operationmuskaan,1
fox5atl,1
liberationday,1
praytogether,1
mycovid19naijastory,1
clapforthenhs,1
delta,1
pakistan,1
statueofunity,1
showyoucare,1
xinjiang,1
church,1
newnormal,1
promisesmadepromiseskept,1
norway,1
chinavirus,1
antibodies,1
ventilators,1
us,1
trumpcovidfails,1
drbirx,1
kysen,1
coronavirussa,1
care,1
istandwiththepresident,1
irans,1
covid1984,1
germany,1
hushpuppi,1
gandujehasfailedkano,1
i4india,1
caf,1
fionaapple,1
msnbc,1
brucelevell,1
pkp,1
bakersfield,1
youarenotalone,1
engagetheig,1
economy,1
endthelockdown,1
pledgetoamericasworkers,1
malaysia,1
oklahoma,1
coronavirusliar,1
coronapocolypse,1
healthcareheroes,1
trumpliesamericansdie,1
downingstreetbriefing,1
openamericatoday,1
slowthespread,1
coverup,1
wecommercemumbai,1
clapfornhs,1
ableg,1
coronaviruske,1
japaneseart,1
religiousfreedom,1
thankyouthursday,1
endsarsnow,1
thefive,1
moscowmitchmcconnell,1
tuesdaythoughts,1
texanshelpingtexans,1
playerstogether,1
bebest,1
minutesilence,1
trumptownhall,1
banned,1
cuppycares,1
mco,1
coronavirusoutbreak,1
closethepubs,1
groundnews,1
onemorejumla,1
getwellsoon,1
shelterinplace,1
newyork,1
womeninpolitics,1
longreads,1
newstarterfurlough,1
covidview,1
houston,1
superspreader,1
migrantworkers,1
deasp,1
unicef,1
mufc,1
failedfedreaponse,1
trumpistheworstpresidentever,1
9today,1
riverchurch,1
executiveorder,1
mumbai,1
cuboulder,1
100kdead,1
southernkadunamassacre,1
streetchildren,1
borisisback,1
trumptulsarally,1
abed,1
dudukrumah,1
clapforkeyworkers,1
toronto,1
locktheclock,1
unescos,1
gapsinsupport,1
coronavirususa,1
icantbreathe,1
cdnpse,1
oncealways,1
gojoe,1
opensafely,1
kitateguhkitamenang,1
wsjwhatsnow,1
loc,1
ba,1
deathornyse,1
ufcjax,1
htx,1
flipitblue,1
pressbreifing,1
nursinghomedeaths,1
ramadan,1
russias,1
angels,1
covid19out,1
rteinvestigates,1
trumpdeathtoll137k,1
independencefromtrump,1
saturdaythoughts,1
ksleg,1
syllabusforstudents2020,1
tweetfortaiwan,1
trumpisacompletefailure,1
russian,1
wewantdrfaucidailybriefings,1
policereform,1
quarantine,1
firstffc,1
crosstalk,1
eidaladha,1
sociopathinchief,1
mmquarantine,1
poland,1
awaninews,1
nkosazanadlaminizuma,1
outnow,1
speakingmoistly,1
freethebeach,1
thankyounhs,1
welfare,1
dpanow,1
universityexams,1
r,1
kitamestimenang,1
ohio,1
doctorsday,1
jerusalem,1
stayhomemn,1
academicchatter,1
day97oflockdown,1
hope,1
coronavirusph,1
happybirthdaynhs,1
cuppyfoundation,1
sapsnc,1
cardib,1
batikkit,1
stopairingtrumpnow,1
estevirusloparamosunidos,1
askwho,1
marvel,1
statueofdisplacement,1
findsomethingnew,1
thankshealthheroes,1
futuro360,1
umich,1
inthistogetherohio,1
obamawasbetterateverything,1
impeachment,1
derp,1
coronalockdown,1
cnntownhall,1
dudukdalamrumah,1
callitcovid19,1
coronavirusthoughts,1
oppima,1
daybreak,1
gotsymptomsgettested,1
lockdownindia,1
resiliart,1
cbse,1
stayhomesaveslives,1
sb19ikakosaasap,1
klpga,1
deadder,1
coronavirusupdate,1
woodberry,1
jobsreport,1
trumpisanidiot,1
joysms,1
fallonathome,1
medicalsupplies,1
corinavirus,1
hospital,1
midwives,1
ahhahaha,1
komunikasikita,1
waragainstvirus,1
chinesevirus19,1
flattenthecurvechallege,1
blackcoffee,1
mog,1
socialdistancingnow,1
connection,1
stayalert,1
aliensexist,1
beijing,1
pencelies,1
muslims,1
lockdownextension,1
budget2020,1
floridacoronavirus,1
hantavirus,1
coronavirusus,1
blacklivesmattter,1
corononavirus,1
nhs72,1
trumpmadness,1
fixitjesus,1
healthworkers,1
bretthankison,1
panicporn,1
everyrupeecounts,1
swisscovid,1
tribals,1
ahmaudarbery,1
tigerking,1
fbpe,1
apdgp,1
lovedeliveryfest,1
superspreaderrallies,1
stayathomesavelives,1
jantacurfew,1
government,1
whiston,1
monitorupdates,1
itelsaysstaysafe,1
togetherathome,1
fox35,1
isolatednotalone,1
mavericks,1
truthliveshere,1
moreliesmoredie,1
covid19httpstcodte12cgfxs,1
babetrayal,1
pillsbypost,1
floridamorons,1
postsecondary,1
safehands,1
sundayvibes,1
ppesupplies,1
melbournelockdown,1
mulive,1
covod19,1
hindutva,1
darwinawards,1
neverahoax,1
russianbounty,1
reportecovid19,1
kitajagakita,1
smartnews,1
phdchat,1
gujaratmodelexposed,1
level5lockdown,1
houstontx,1
25theamendmentnow,1
blackwidow,1
covid19ug,1
rescueriders,1
mmlockdown,1
ncoc,1
quarantineandchill,1
keepingthemhonest,1
wewantjoe,1
inthistogether,1
tutmustfall,1
hospices,1
70days,1
redrobin,1
moleg,1
afcb,1
forceforchange,1
covidactnow,1
president,1
billygraham,1
promiseskept,1
lockdownuk,1
wearadamnmask,1
pressbriefing,1
winnipeg,1
trumpisapublichealthmenace,1
toriesout,1
stayhomelivelounge,1
benedictdonald,1
trumpdeathtoll85k,1
generalstrike,1
trishregan,1
pittsburgh,0
11mai2020,0
maskupohio,0
madagascars,0
trumpdeathtoll95k,0
blockcovid19,0
abbottbetrayedtexas,0
california,0
northernireland,0
beactive,0
jackass,0
rahulbajaj,0
chimein,0
pmqs,0
inpictures,0
scamdemic,0
indiragandhi,0
healthforall,0
immunity,0
hancock,0
abcnews,0
fairelectioncrisis,0
coronavirusindia,0
thetrumpvirus,0
covid19brasil,0
briefbutspectacular,0
islamophobiainindia,0
londonprotest,0
keepthepromise,0
afghanistan,0
publicservice,0
protest2020,0
wearenato,0
british,0
whereisboris,0
indiaunitedagainstcovid,0
pm,0
alllivesmatters,0
planetoftheapes,0
f35demoteam,0
bsl,0
jeremyvine,0
ruthies,0
coronaviruslockdown,0
floridas,0
karensgonwild,0
bame,0
nomasknotacos,0
tx,0
21dayslockdown,0
listentothedoctor,0
africans,0
mobility,0
bbcqt,0
safeseptember,0
trumpisaloser,0
covid19related,0
breakthechain,0
nosalgasdetucasa,0
60mins,0
seniors,0
webqoof,0
bbcpanorama,0
dorset,0
newsrelease,0
secondwave,0
grieftherapist,0
njpwtogether,0
handhygiene,0
discoverygrant,0
isolationwards,0
wweraw,0
coronapandemic,0
chartoftheday,0
2,0
schools,0
getmndonthelist,0
abpoli,0
holeinbuharineck,0
freerealitywinner,0
nigeriaeconomicupdate,0
r4today,0
ufwd,0
dominicgoings,0
srhrisessential,0
steinerthighschool,0
opinion,0
ag,0
tips,0
hcqreleased,0
rwandaworks,0
lockdownondo,0
besafe,0
liarjohnson,0
worldhealthday2020,0
rajajihospital,0
climateemergency,0
nasa,0
nrl,0
camps,0
covid19its,0
vicpol,0
covid19kenya,0
backontrack,0
looting,0
ncdcfailedkano,0
amymcgrath,0
iranian,0
donald,0
nhsbirthday,0
abujatwittercommunity,0
endtrumpswaronamerica,0
coronakidney,0
seun,0
dearireland,0
takingoncorona,0
tenbillionhappy,0
barelytherebiden,0
covidsafe,0
votebiden,0
savelives,0
arkansas,0
wba,0
spreadcalmnotfear,0
thekingenternalmonarchs,0
chinesecommunistparty,0
wearethecure,0
scrapbrexit,0
notobacco,0
032,0
tornadowarning,0
trumprallyfail,0
trumpgenocide,0
discoverygrants,0
kayburley,0
canpoli,0
level4restrictions,0
democratbackfire,0
ganeshutsav,0
coronavirusnewyork,0
nasawebb,0
philippines,0
jakpost,0
flattenthecurve,0
nmfbcares,0
memorial,0
chinaisterrorist,0
citicbs,0
covidorganics,0
chennai,0
bharatwilldefeatcorona,0
easter,0
visakhapatnam,0
fridaythoughts,0
kashmir,0
powerofyouth,0
buharitormentor,0
easa,0
nationallottery,0
stopthecoronavirusgunsurge,0
thecanadianshield,0
hypocrite,0
contestindia,0
al,0
smallbusiness,0
eu,0
boris,0
maskupwa,0
solicitorchat,0
coalcityconnect,0
covid19nigeria,0
edutwitter,0
day2,0
bigtex,0
coronavirusaustralia,0
wallstreet,0
edchat,0
canada,0
tenet,0
scan,0
torybrexit,0
sulk,0
kwawesome,0
dogs,0
prayer,0
weareaviation,0
day35oflockdown,0
spain,0
svp,0
bahudayatra,0
navajonation,0
chloroquine,0
removetrump,0
keeptheheid,0
fleabag,0
nationaldoctorsday,0
gpc,0
rennes,0
meded,0
apfightscorona,0
telanganafightscorona,0
breakingturns,0
asktheinfoministry,0
flawlessskin,0
atlanta,0
futurechild,0
covid19ke,0
italy,0
shamblesstayathome,0
bangkokpost,0
justiceforrituparnapegu,0
loveampcare,0
special,0
misssa2020,0
parenting,0
tyrannicaltrump,0
blacklivesmatteraustralia,0
reopencanada,0
spreadhumanity,0
coronil,0
australia,0
putinspussypotus,0
preventcovid19spread,0
buyapaper,0
wisconsin,0
mizuharakiko,0
biden,0
cgtnopinion,0
hambalyosomaliland,0
litter,0
nolitimere,0
4thofjuly,0
takeresponsibility,0
covid19india,0
bethebest,0
sassa,0
trms,0
homesattheheart,0
트와이스,0
044,0
paramedical,0
swasari,0
everydeathcounts,0
millenials,0
placeborita,0
peru,0
kerala,0
60minutes,0
loamyword,0
dominiccummings,0
protest,0
bauchi,0
ncov19,0
dstv403,0
freedomisessential,0
heroesact,0
pedogate,0
handwashing,0
savehigheredjobs,0
antifa,0
louisville,0
science,0
ndtvbeeps,0
vaxxed,0
ranimukerji,0
japanesegp,0
nodealbrexit,0
7news,0
rysenshyne,0
warpspeed,0
sundaylive,0
steinmeier,0
prioritycovidresearch,0
sdgs,0
globalgoalunite,0
বলচযনঅমতশহ,0
indians,0
gapol,0
maskup,0
allinchallenge,0
independenceday,0
uel,0
darkesttimeline,0
liveline,0
standingtogether,0
staysafemn,0
lockdownlowdown,0
tweetorial,0
giveblood,0
france,0
orangecounty,0
who,0
saudi,0
kp5,0
lockdownrecipe,0
alfieboe,0
instapoll,0
remdesivir,0
video,0
worldhealthday,0
glnrtoday,0
bikebrampton,0
nyc,0
alexjones,0
globalgoals,0
swfc,0
dolceampgabbana,0
democraticresistancetaskforce,0
maskuparizona,0
voteblue2020,0
covid2019,0
kemitalks,0
grippe,0
unhinged,0
fbrparty,0
msm,0
quarantineonlineparty,0
takebackcontrol,0
day5,0
pcd11,0
pelosimustgo,0
s3599,0
forthepeople,0
eurogroup,0
palliativecare,0
immigranthealthheroes,0
covidcanada,0
youractionssavelives,0
cubasalva,0
rwandas,0
lfc,0
odisha,0
patanjali,0
essential,0
assam,0
quarantineatvshow,0
nhswho,0
newmusicvideo,0
maskuputah,0
udmchiefwhip,0
kentuckys,0
death,0
liberalhypocrisy,0
unverified,0
coronavirusafghanistan,0
montreal,0
ukbiobank,0
beatlockdownblues,0
pence,0
juif,0
randpaul,0
lordvenkateswara,0
cook,0
austin,0
futuredoctors,0
fireislandcrimes,0
nursewhistleblower,0
jt13h,0
querfront,0
yesforyou,0
doh,0
praram,0
cptpp,0
covidupdates,0
ksatnews,0
cmgsees,0
lockdown21,0
lockdowndiary,0
drewbrees,0
mareablancacoronavirus,0
jnj,0
lockdownhustle,0
adninbercerita,0
medicaid,0
marion,0
petersandman,0
antibodytesting,0
liberia,0
nebraska,0
colddrinks,0
saferathome,0
diamondplaza,0
earthquake,0
수호,0
christian,0
nursesweek,0
covid19lagos,0
suho,0
browns,0
disabled,0
underfundedunderthreat,0
prevention,0
3,0
desantisbetrayedflorida,0
husays,0
listentotheexperts,0
guru,0
safmsunrise,0
stayhyped,0
bostonprotest,0
coronaravirus,0
confinementjour54,0
stayhuman,0
shanedawson,0
asia,0
bigbaby,0
zachbushmd,0
internationalnursesday,0
economicpackage,0
theprinthealth,0
channel4news,0
bolsonaro,0
femicide,0
mummycalmdown,0
bloodonhishandshannity,0
findbertie,0
neverforget,0
tsakanedebonairs,0
ffs,0
trumppandemic,0
wwg1wga,0
helloworld,0
testandtrace,0
kejriwalshowshowitsdone,0
amitabhbachchan,0
delhi,0
heb,0
ottawa,0
coronaboy,0
cummings,0
wuhan,0
staysafestayhome,0
healthyathome,0
canadalockdown,0
catteningthecurve,0
gujarat,0
roadmapforreopening,0
karenoftheday,0
reopenamerica,0
countryoverparty,0
newzealand,0
haikyuu401,0
coronavirusreliefbill,0
avct,0
nothingstayshiddenforever,0
bestqualityproducts,0
keralafightscovid,0
pneumonia,0
sonicwealthcare,0
riplungiletom,0
heatwave,0
vaxxed2,0
sans,0
moneylinewithnancy,0
contest,0
nationallockdown,0
luth,0
freehopewell,0
coronavirusstayhomesavelives,0
documentary,0
voteblue,0
cantwait,0
keeppushing,0
fornature,0
paytheartist,0
hydrochloroquine,0
pridemonth2020,0
mtpdaily,0
kanikakapoor,0
newsalert,0
plasticfreejuly,0
tcot,0
trackandtrace,0
vanre,0
ukcoronavirus,0
stroke,0
cpd,0
mcconnells,0
mrna,0
twice,0
covid19sa,0
justiceforjodian,0
irelandphase1,0
ramadan2020,0
cutdataprices,0
shopsmart,0
cerb,0
happinessforalltogether,0
michiganstrong,0
aidsmemorialquilt,0
mnd,0
firetrump,0
mbpoli,0
betterhealth,0
howicompete,0
nopasarán,0
employment,0
everymindmatters,0
chocellabrixham,0
pressplay,0
2019ncov,0
thismorning,0
immunology,0
misinformation,0
inlegis,0
ifobamawerestillpotus,0
boston25,0
yuju,0
covid19toronto,0
bigonlinepar,0
ntpol,0
kenyan,0
popefrancis,0
kazzmagazine,0
lapd,0
deplatformicke,0
homecare,0
watch,0
funeralsinlockdownlevel3,0
kejriwalshowstheway,0
nigerias,0
nstnation,0
fitindiatalks,0
gamechanger,0
pmik,0
nationaldayofprayer,0
internationalworkersmemorialday,0
ontario,0
worldimmunizationweek,0
insiders,0
flattentheeconomy,0
buhari,0
dominiccumnings,0
commonwealthveterans,0
wales,0
foodporn,0
whereistheinterpreter,0
leicesterlockdown,0
newparents,0
boycotthp,0
steamedfish,0
maskhole,0
wewillnotsufferinsilence,0
isolation,0
gratitude,0
oregon,0
trumprally,0
lebanon,0
foragreaterlagos,0
huawei,0
vanguardnews,0
skyfootballshow,0
academictwitter,0
copreps,0
covid19on,0
rentrelief,0
cyrilramaphosa,0
wheresmitch,0
covid19au,0
sb19newpeaksonbillboard,0
coronavirua,0
whereisjoebiden,0
canadacovid19,0
contestalertindia,0
endwildlifemarkets,0
mitchellsplain,0
psrw,0
이달의소녀,0
voteredtosaveamerica,0
mtnwestnews,0
chinas,0
kleague,0
takeitonthechin,0
tdgarden,0
makemoneyonline,0
peston,0
dp3t,0
contestday,0
sendppe,0
nice06,0
coronadon,0
update,0
deconfinement,0
donniedeathtoll,0
ballito,0
trumpburialpits,0
dogsarefamily,0
somethingnewchallenge,0
वदयरथयचमनसआवज,0
ccpvirus,0
armenias,0
blkbottomline,0
pirates,0
nofear,0
covid19sweden,0
coronaupdatesindia,0
northcarolina,0
covididiots,0
covid19insa,0
stephenmiller,0
markaz,0
coronavirusmexico,0
pubsopening,0
rajasthans,0
cowboyssteelers,0
holdstill2020,0
abbracciauncinese,0
bikelanes,0
deepsea,0
ufc249,0
crushthecurve,0
coronavirusoutbreakindia,0
zambia,0
accra,0
dermtwitter,0
wakeup,0
trumppressconf,0
cuomo,0
naijaviralz,0
pastorchrisgivesagain,0
idtwitter,0
covid19uk,0
ridge,0
thanksboris,0
day74oflockdown,0
mentalhealth,0
odumejethelion,0
usmcato,0
seniorcare,0
datafraud,0
amr,0
outbreak,0
children,0
healthequity,0
borishasfaileduk,0
uganda,0
ca,0
moneywebnews,0
eid,0
mannkibaat,0
seamusheaney,0
satx,0
onev1,0
seabass,0
doglovers,0
indefinitelockdown,0
research,0
limerick,0
distanciationsociale,0
goodjobcop,0
xijinping,0
altogether,0
odishafightscorona,0
dc,0
sonichealthcares,0
precautions,0
hwra,0
bharatbiotech,0
trumpkillstexas,0
transparency,0
hebobiwine,0
youcantstopus,0
zanupfmustgo,0
manchester,0
huntingtonbeach,0
kochbrothers,0
drharry,0
photojournalism,0
covid19impactke,0
mcdonalds,0
coronaupdatesinindia,0
nbcnewsthreads,0
trudeau,0
covid19usa,0
lockdownsouthafrica,0
handwashchallenge,0
democratic,0
dnc,0
roadtrip,0
ucl,0
bangladesh,0
spreadhope,0
ireland,0
helpsavesmallbusinesses,0
seafood,0
stopthencdcbill,0
jamaica,0
cowghee,0
wha73,0
riseabovehate,0
banditoftheweek,0
saturdaymotivation,0
cdc,0
shareasquare,0
pakistanis4pakistanis,0
pmtrudeau,0
dbresearch,0
happydoctorsday,0
pe,0
fullyopenca,0
wednesdaywisdom,0
chuckschumer,0
texascovid19,0
coronaviruscrisis,0
25thamendmentnow,0
真顔チャレンジ,0
delhifightscorona,0
earlyexperiences,0
drharryconsultants,0
weaad2020,0
thursdaymotivation,0
coronapanic,0
newborn,0
springst,0
patriotpay,0
075,0
sundayspotlight,0
netde,0
neverforgotten,0
training,0
samorning,0
carrielams,0
world,0
rutgers,0
repeat,0
ctet,0
firsttimeinafrica,0
wuhanvirusmadeinchina,0
guangdong,0
whitehousepressbriefing,0
doncaster,0
arsenal,0
thread,0
covidconversations,0
disability,0
sweettreats,0
gavinnewsom,0
teamcno,0
chinamustexplain,0
checkpoint,0
nationalfindarainbowday,0
testkitscam,0
housing,0
masks4canada,0
tobaccoexposed,0
carersweek,0
covidequitychat,0
medrxiv,0
rakhtuhausla,0
wistayshome,0
aprilfoolsday,0
yankees,0
q13fox,0
newmusic,0
soctwitter,0
clapforkeyworks,0
jairbolsonaro,0
wearenotplaying,0
indiafightscovid19,0
ylp6,0
coved19,0
dontbesillybilly,0
coronavirusrelated,0
sonusood,0
virus,0
saynotougcguidlines,0
nairaforaccess,0
420day,0
howwegothere,0
hypocrites,0
covidlasg,0
criticalcare,0
film,0
resist,0
tims,0
bstrong,0
masks,0
h1n1,0
coronaviruscovid19,0
keralas,0
wehealasone,0
iwmd20,0
drfauci,0
stopthespreadsf,0
latelateshow,0
desighee,0
corona19,0
latscovid19journal,0
ji,0
weather,0
pkpb,0
coronavirusupdates,0
wehaveroghts,0
publichealth,0
caregiver,0
gravitas,0
dataethics,0
covidstopswithme,0
romania,0
freedomday,0
ladakhclash,0
wesawthat,0
cfc,0
immunesystem,0
snp,0
education,0
nc13,0
mother,0
cpec,0
globalcitizen,0
smartmobility,0
panorama,0
zermatt,0
endcorruptionnow,0
xhosa,0
fab,0
recession,0
stayhomeandstaysafe,0
infographic,0
medstudentcovid,0
rbi,0
virtualparliament,0
americastrong,0
kpbudget2020,0
pestochampion,0
olympics,0
tablighijamat,0
chico2020,0
togetherwebuild,0
sb19,0
yourhealthourpriority,0
sanantonio,0
covid19special,0
britishbasketball,0
halloweenkills,0
breachoftravelban,0
shisonjun,0
unitedagainstcoronavirus,0
croziers,0
getawaywithmurder,0
bslhealthaccess,0
walkaway,0
yoonhak,0
neilferguson,0
extendlockdown,0
29thon9th,0
jerseyday4canada,0
earthday,0
masktest,0
nhlbruins,0
hounews,0
health,0
survivor,0
justtheflu,0
sekolah,0
covidngr,0
sistersduet,0
5g,0
gameoflife,0
covid19ohioready,0
예리,0
ramdev,0
thermalimaging,0
lasg,0
gavinwilliamson,0
justintrudeau,0
tuesdayvibes,0
leavenoonebehind,0
bytherules,0
chiefnursingofficer,0
tylerperry,0
scdemocraticprimary,0
pandemicdrone,0
tasty,0
wwe,0
bbcnewsten,0
sel,0
pedowood,0
publicserviceweek,0
debonairsknockdownday50,0
trumpdeathtoll92k,0
piersmorgan,0
bbcnews,0
vanpoli,0
locustoutbreak,0
texascovid,0
southdakota,0
tacabron,0
dublin,0
michaelhickson,0
bangsabebal,0
odishahonorscovidwarriors,0
cbcmb,0
레드벨벳,0
covid19isjustanastyflu,0
trumpdeathtoll81k,0
quarantini,0
climateaction,0
highestdeathrateineurope,0
asthma,0
sharethis,0
drogba,0
plandemic,0
cnn,0
turkey,0
tragic,0
coleg,0
withme,0
automotivevision,0
fallcaball,0
atulbakery,0
savealife,0
mulikacorona,0
rt,0
eastersunday,0
penguins,0
chimesweeps,0
wemattertoo,0
swearing,0
donotopencalifornia,0
iran,0
cpcldr,0
vishakapatnam,0
flashmob,0
theresistance,0
exo,0
covidkindness,0
safety,0
caresact,0
icmrfightscovid19,0
paycheckprotectionprogram,0
ministerspressbriefing,0
mentalhealthawarenessweek,0
dallas,0
classof2020,0
coronakillerneem,0
socialdistansing,0
abuja,0
covid19contest,0
alabama,0
pubsreopening,0
indiafightscoronavirus,0
integratednavalforce,0
coronavirustruth,0
makeinindia,0
guangzhou,0
teamwork,0
nffc,0
twitchstreamaid,0
ottnews,0
nomasks,0
food,0
endcovid,0
twitterchat,0
collinskhosa,0
power,0
ecdc,0
contestalert,0
sdof,0
illegalimmigrants,0
lockdown3,0
coronaviruslockdownuk,0
eurostar,0
novaccinetrialsinnigeria,0
ms,0
globalresponse,0
bloodontheirhands,0
childsex,0
thepurge,0
paris,0
uk,0
bangkok,0
pangolin,0
rwanda,0
jointhepolice,0
dnamedicines,0
ramadandiary,0
day41oflockdown,0
kingston,0
notinmyhome,0
independentsage,0
drinkpurefruits,0
autotune,0
adrenochrome,0
hiv,0
shahidvspelosi,0
महरषटर,0
suicideprevention,0
contesttime,0
hcq,0
etatsunis,0
pride2020,0
day13oflockdown,0
covid19s,0
ebola,0
uif,0
rbeiwellnessfirst,0
kidney,0
blessingscounts,0
police,0
physicaldistance,0
devexfocus,0
nara,0
thenextnormal,0
thrivingwallet,0
rathyatra2020,0
lockdowndiaries,0
gay,0
ynwa,0
coronaviruscanada,0
pkmap,0
covid1in20,0
pritipatel,0
gocoronago,0
aiethics,0
trump2020nowmorethanever,0
breakingnews,0
asylum,0
thedivide,0
karnataka,0
ohsaa,0
abortionisnothealthcare,0
coveryourfreakinface,0
livelife,0
8nn,0
centralpark,0
sb163,0
donaldtrumps,0
tomorrowtogether,0
saveourwildworld,0
chaz,0
wemakeevents,0
giveaway,0
covididiot,0
homeopathy,0
dailybriefing,0
didyouknow,0
blacklivesmattters,0
ukweliwamambo,0
docsvsofficials,0
curfew,0
faceshields,0
bebenang,0
nora,0
stockmarket,0
pmln,0
11thhour,0
covid19nfld,0
trumpisalaughingstock,0
whataftermay3,0
banbullfighting,0
doctorsday2020,0
misuse,0
funny,0
newsfeed,0
maskuphoosiers,0
reviews4good,0
speakout,0
quedateentucasa,0
firstup,0
cancelfinalyearexams,0
stoptargetingmuslims,0
legendseries,0
facecovering,0
makeamericagreatagain,0
aimforzero,0
kilifimedicalcomplex,0
chinaliedpeopledied,0
smallbiz,0
africansarenotlabrats,0
itvideo,0
parenthood,0
boristhebutcher,0
oilprice,0
defeatthemob,0
hongkong,0
maskshaming,0
chinaliedandpeopledied,0
wevegotacountrytosave,0
7,0
maskon,0
frontlineheroes,0
bekind,0
stuttgart,0
1000xworse,0
sshorseracing,0
mentalhealthminute,0
testing,0
everyoneneedsanot,0
unicefthailand,0
transfers,0
memorialdayweekend2020,0
hajj,0
scasksfauci,0
az,0
coronaoutbreak,0
maskupindia,0
iu,0
skpoli,0
ny,0
joebidenjob,0
ripabbakyari,0
lotusherbals,0
opencovidpledge,0
maskuppa,0
bc,0
arizona,0
recalldougducey,0
nizamuddinmarkaz,0
marr,0
curbaredge,0
yournhsneedsyou,0
kingscolddrinks,0
happyfathersday,0
trumppandemicfailure,0
borisjohnson,0
medstudenttwitter,0
cowurine,0
day25oflockdown,0
sponsoredbydiscover,0
s,0
trumpisnotwell,0
togetheragainstcovid19,0
lovemydog,0
weservejoburgtk,0
covid19ontario,0
kazakhstan,0
scfc,0
atleti,0
nocptpp,0
covid19tshelp,0
lalege,0
kendricklamar,0
superm,0
tshegofatsopule,0
selfquarantine,0
abhishekbachchan,0
antibodytest,0
playyourpart,0
informalsector,0
peakdistrict,0
sindhgovt,0
collaboration,0
moneyforthepeople,0
mask,0
donaldtrump,0
coronacrisis,0
joblosses,0
sackcummings,0
jimclyburn,0
punebased,0
irony,0
democratsaredestroyingamerica,0
abbottresign,0
boycottchineseproducts,0
fresh,0
joynews,0
propaganda,0
veday75,0
bjpsdistractandrule,0
covidhearing,0
prison,0
artistreliefcovid19ie,0
youarehighrisk,0
gstfreecorona,0
memorialday,0
cluelessbjpgovt,0
12news,0
protests2020,0
countyofventura,0
earthday2020,0
masstesting,0
merica,0
desantisresign,0
ourpresidentbernie,0
coronarelief,0
protectnm,0
tabligijamaat,0
hongkongs,0
14daylockdown,0
internationaldayofhappiness,0
amrstaff,0
matterhorn,0
svnitagainstonlineexams,0
genderdata,0
assamcovidcount,0
africawakeup,0
lockdownend,0
pmकदशकधख,0
aapi,0
dairyconsultants,0
yahoo,0
thesimpsons,0
abkarodeshkirakhwali,0
covidkerala,0
voteleave,0
covid19canada,0
yeri,0
halloweenends,0
draftathon,0
ithadtobesaid,0
hermancains,0
airforcesalutes,0
alpolitics,0
fgpayouraprilsalary,0
physicaldistancing,0
nicolegriggs,0
masksforall,0
biden2020,0
sf,0
quedateencasa,0
medicalsupporteu,0
joebiden,0
oneperson,0
sjc,0
loveots,0
savethaifarmers,0
openpandemics,0
efc,0
madeinchinavirus,0
covid19australia,0
cdcfudging,0
mountrushmore,0
na,0
swasthabharat,0
desantisfailedflorida,0
icicibank,0
vmas,0
isolationward,0
มวกลฟ,0
digitalbanking,0
borisjohnsons,0
gwbps,0
cycling,0
tanzania,0
bbcan8,0
happybirthdaytrump,0
traderjoes,0
mankibaat,0
acedthecognitivetestby,0
sarscov19,0
topnews,0
lockdownsa,0
morninglive,0
keepyourrent,0
newnormalwhile,0
soleimani,0
chinaindia,0
bengalrejectsamitshah,0
americavsnigeria,0
quarantinelife,0
covid19italia,0
pathology,0
covidmalaysia,0
hornets,0
lockdownexit,0
endit,0
m7address,0
paybackthemoney,0
confinementjour39,0
nexstarnations,0
mogov,0
coronaviruschina,0
clapforcarers,0
recipe,0
awani745,0
obesity,0
independenceday2020,0
fridaymorning,0
lagosagainstcovid19,0
pizzagate,0
masspromotion,0
gynocide,0
analysis,0
nobodylikestrump,0
kiitkissfightscovid19,0
puertorico,0
nhsthankyou,0
magu,0
excited,0
testingtestingtesting,0
live,0
conspiracytheory,0
potus,0
birmingham,0
ccp,0
racist,0
recallkatebrown,0
rainbows,0
unlockwaterforall,0
wtpteam,0
cele,0
newzroom405,0
herooftheday,0
coronavirusvaccine,0
factcheck,0
cop26,0
taiwancanhelp,0
homeinstead,0
abc13,0
broadcastinghouse,0
tabligiheroes,0
futurewewant,0
qldpol,0
coronavirusbotswana,0
supernovas,0
extendtransition,0
organic,0
sancho,0
ppenow,0
fortdetrick,0
lalbaugcharaja,0
코로나19,0
mdw,0
fisayoscovid19series,0
disablednotdisposable,0
luzonlockdown,0
deaf,0
unitednations,0
brasile,0
downingstpresser,0
nasscomfutureskills,0
day57oflockdown,0
cashappfriday,0
maskupmichigan,0
transited,0
freshtweets,0
dvt,0
patanjaliayurved,0
peoplesvaccine,0
hotline,0
globalceasefire,0
bobanddoug,0
helpushelpyou,0
dohkyungsoo,0
day10,0
pressercovid19,0
ntvonthespot,0
tamilnadu,0
allinillinois,0
civilrights,0
prayers,0
rememberme,0
covidtexas,0
littleinvestment,0
racistinchief,0
dropthelawsuit,0
imfafrica,0
noschool,0
wherespence,0
geographyathome,0
breakikg,0
indonesia,0
love,0
pakistans,0
aprilryan,0
section230,0
promotefinalyearstudents,0
chocella,0
mybrotherskeeper,0
lesmis,0
rutgersimpact,0
makechinapay,0
emergencyappeal,0
nyt,0
dlaminizuma,0
fish,0
tennessee,0
billbarr,0
ad,0
notoabscbnshutdown,0
paternity,0
kingsdiet,0
finalyearexam,0
uighur,0
joynewstoday,0
gopgenocide,0
charitybeginsathome,0
democracy2020,0
bjp,0
clapforboris,0
lbc,0
15,0
covidtrackerapp,0
cottonelle,0
sharemycheck,0
racisminchina,0
chicago,0
longtailcovid,0
happytalism,0
bt21,0
onome,0
ganeshotsav,0
equality,0
abbakyari,0
coveryourfaceholes,0
cooking,0
vaccine,0
sandf,0
staysafeohio,0
vijayabaskar,0
whatdidwethinkwouldhappen,0
collegestudents,0
chocolate,0
covid19forced,0
rays,0
abc730,0
keepsmiling,0
nancypelosi,0
conspiracy,0
maternityleave,0
stopkillingwomen,0
covidsupportforce,0
dinner,0
chocolatehummus,0
voting,0
pallicovid,0
psg,0
ssfootball,0
coronavirusinsa,0
sonyejin,0
playeveryday,0
staystrongla,0
iamprovidingaservice,0
phillipschofield,0
ajopinion,0
forceforgood,0
whitehousebriefing,0
convert,0
investigate,0
eyewitnessreport,0
fox10phoenix,0
coronavirustoday,0
bepositive,0
parksandrec,0
yeg,0
canadahomeworkhelp,0
illegalimmigration,0
bbcafricaeye,0
defendpressfreedom,0
lockdownjust,0
apologizeindiatv,0
defenseproductionact,0
highriskcovid19,0
lockdown2,0
thrombosis,0
money,0
bats,0
abachaloot,0
trumpscoronavirusrally,0
nearzero,0
dnavaccines,0
maskupaz,0
mentalhealthmonth,0
transformation,0
braincellblocktango,0
chinablockswion,0
carte,0
maskmandates,0
trumpbudget,0
trumprecession,0
englishnews,0
americasbanks,0
decouple,0
illegalaliens,0
caregiving,0
greenrecovery,0
bluestarzone,0
letlondonbreathe,0
roma,0
rajasthan,0
asymptomatic,0
quarantinechronicles,0
scicomm,0
uklockdown,0
allinwa,0
aviation,0
genome,0
fightingcovid19,0
juneteenth,0
protestlockdown,0
greens,0
efccprobesizeiyamu,0
allhandsondeck,0
covidquilt,0
covaxin,0
afp,0
free,0
mepolitics,0
reiders,0
airindia,0
karenavirus,0
themandalorian,0
racism,0
g1,0
gregabbot,0
bbnaija2020lockdown,0
kano,0
lockdownmzansi,0
royalfreelondon,0
minneapolis,0
ct,0
cpecmakingprogress,0
osh20,0
nj,0
covid19argf,0
s0905,0
willsmith,0
beijingbiden,0
moroninchief,0
workingsafely,0
rtept,0
firsttimeparent,0
lupus,0
moids,0
tigerforce,0
museums,0
covid1in10,0
protectthefrontline,0
virginiatech,0
komeshacorona,0
new,0
socialdistance,0
personwomanmancameratv,0
singapore,0
vote,0
fiveeyes,0
tenstepstoglobalhappiness,0
andrewcuomo,0
beatcovid19,0
covid19ab,0
healthyweightforall,0
cumgate,0
biodiversityday,0
womencount,0
cnnsesamestreet,0
dementia,0
venezuela,0
advantage,0
selectionbias,0
wfh,0
fintech,0
istandwithtucker,0
testingkits,0
pressrelease,0
staysafenigeria,0
statefairoftx,0
freecourses,0
afc,0
sambitpatra,0
factsoverfear,0
abbakyarifacts,0
barnardscastle,0
evidencebasedmedicine,0
coronavirusinsouthafrica,0
animalcruelty,0
covidtesting,0
ldnblm,0
vituskickstarter,0
stopfascism,0
trumpscovidfails,0
stanfordmedlive,0
losingit,0
bogota,0
covid19she,0
covid19aus,0
loona,0
globalist,0
cdnmedia,0
wegotus,0
somalefoundation,0
covid19aphelp,0
harvarduniversity,0
thekarenator2020,0
디오,0
buildbackbetter,0
motogp,0
powercut,0
lockdownquestions,0
islamabadpolice,0
un,0
ukwelimtaani,0
duh,0
tablighijamaat,0
stayhomesa,0
fauci,0
missouri,0
oceans,0
disinfectant,0
hewenttojared,0
covid19quarantine,0
tariqjamils,0
southasias,0
adriatour,0
chile,0
madeinrwandaprotective,0
كلنامسؤول,0
yeswecare,0
just,0
coronavirusdeaths,0
firefauci,0
humanrights,0
ccps,0
coronavirusinnigeria,0
2020vision,0
bandeutkalajanani,0
wbz,0
scotland,0
borneobulletin,0
madrugz,0
worldu17,0
tv3newday,0
odumeje,0
australialockdown,0
universitychallenge,0
covidreadystudy,0
germanys,0
koreanupdates,0
varavararao,0
ukheatwave,0
n95,0
9wwos,0
broadcast,0
idiotdeblasio,0
goodtechibm,0
coronaheroes,0
fatcats,0
askquestions,0
efl,0
confinementjour50,0
keepafreakiesteviedistance,0
caregivers,0
rockhall2020,0
pernaut,0
avener,0
chinese,0
sundaymorning,0
khou,0
debt,0
europeday,0
samestormdifferentboat,0
grandnational,0
singapour,0
jobseeker,0
break,0
61mps,0
coviddeaths,0
intermiamicf,0
usmle,0
netherlands,0
newminimumwagearrears,0
testtraceisolate,0
missiondharavi,0
eval4action,0
saintsfc,0
journalism,0
getmeppe,0
howimfeelingnow,0
charleslieber,0
dubai,0
mexicosaludable,0
vancouver,0
protectnurses,0
modibetrayedindia,0
epitwitter,0
iheartconcertonfox,0
plagueofcorruption,0
chine,0
extendthetransition,0
stayathomeandstaysafe,0
deadlynegligence,0
prolife,0
trumpdeathtoll100k,0
toiletpaper,0
govabbott,0
peakweek,0
freethevaccine,0
mexico,0
lockdownnigeria,0
justiceforgeorgefloyd,0
keepingyoualive,0
media,0
weshallovercome,0
askmymayor,0
cancer,0
amjoy,0
senate,0
mondaymorning,0
la,0
irs,0
rip,0
access,0
stopkillingwomenandchildren,0
beatthevirus,0
101waystoplay,0
returnstronger,0
ehsaasemergencycash,0
japensabah,0
vaccineswork,0
unitebehindscience,0
coronawarriors,0
americaortrump,0
frontlinesoldiers,0
salem,0
brazil,0
nutrition,0
covid19associated,0
tablighiphobia,0
icmr,0
도경수,0
do,0
votebymail,0
lagos,0
fintechs,0
usnscomfort,0
supercashappfriday,0
covid19mexico,0
votered,0
njpw,0
childcare,0
doffing,0
trumpsevilplan,0
anonymous,0
tisu,0
sharehope,0
goptaxscam,0
unemployment,0
trumprallytulsa,0
hetvskillsfund,0
minneapolisriots,0
forzaitalia,0
gbasgbos,0
cbcnn,0
employers,0
tomorrowspaperstoday,0
newstrack,0
covid19africa,0
noalleyforme,0
njbosj,0
coronavirusireland,0
051,0
accesstomedicine,0
tamitreadwell,0
ownspotlight,0
women,0
bbcnewssix,0
ppp,0
iamylp,0
earlyyearsmatter,0
covidreliefirs,0
freejacob,0
11mai,0
drnusratshah,0
djsbu,0
andhrapradesh,0
quiz,0
digital,0
handwashingsongs,0
nhsggc,0
odishafightscoronavirus,0
8,0
nice,0
europeantravelban,0
portland,0
flatteningthecurve,0
parliament,0
arod,0
txpolitics,0
kanolockdown,0
shoreviewstrong,0
bulgaria,0
donateplasmasavelives,0
wtf,0
frontliners,0
sidharthshukla,0
smes,0
teamtaylormade,0
discrimination,0
askcaptain,0
utahstrong,0
dirumahaja,0
day48oflockdown,0
covid19sverige,0
schoolclosures,0
chinesevirus,0
ncov2020,0
bbcfootball,0
ugandan,0
wegotthiswa,0
olderadults,0
covidisover,0
theprojecttv,0
ncov2019,0
medtwitter,0
madagascancure,0
lockdowns,0
ravishkumar,0
not,0
switzerland,0
unbelievable,0
coronavirusnewscast,0
indore,0
kenya,0
titans,0
covidtech,0
saudiarabia,0
contacttracing,0
firforsushantunder302,0
mattgroening,0
nrlmanlystorm,0
covid19deserve,0
tibet,0
grief,0
folklore,0
tmobiletuesdays,0
startsmall,0
turks,0
swansforrelief,0
massachusetts,0
medical,0
mlb,0
amyklobuchar,0
projectairbridge,0
lockdownnow,0
steppingup,0
nphwchat,0
ipsinnovates,0
janeygodleyvoiceover,0
galatians67,0
belgium,0
thehighwire,0
google,0
trackingandtracing,0
khairpur,0
coronavirusinindia,0
joesnotsorry,0
london,0
السعودية,0
socialwelfare,0
cds2020,0
andrewwong,0
coronavirusact,0
azerbaijan,0
phdlife,0
releasethedata,0
morningstarr,0
america,0
tiktok,0
covd19,0
lego,0
दललजनसवद,0
cantmakethisup,0
reidoftheday,0
giveitarest,0
pleasestayathome,0
maharashtrafightscorona,0
indian,0
kanaknews,0
ters,0
failedlockdown,0
odishacares,0
oxidativestress,0
longcovid,0
goc,0
divasdailydeepseafact,0
odishas,0
skincare,0
cdntax,0
urgente,0
nthroomcase,0
carbonoffsetting,0
wellbeing,0
dog,0
jwst,0
responsiblerestartohio,0
drivingrelief,0
pantajalis,0
coronvirus,0
frazzledrip,0
journalismisdead,0
schoolsreopening,0
cognitivetest,0
covidbc,0
covidvic,0
vizaggasleak,0
velshi,0
slco,0
climatecrisis,0
urbietorbi,0
cps,0
pescatarian,0
ausbiz,0
stayinthehoose,0
duduzanezuma,0
trumpdepression,0
southafrica,0
putsouthafricansfirst,0
actionaidtalksug,0
